BEGIN TRANSACTION;
CREATE TABLE IF NOT EXISTS "Address" (
	"Aaddress_id"	INTEGER,
	"Abuilding_name_number"	VARCHAR(100),
	"Astreet"	VARCHAR(100) NOT NULL,
	"Acity"	VARCHAR(100) NOT NULL,
	"Acountry"	VARCHAR(100) NOT NULL,
	"Apostcode"	VARCHAR(20) NOT NULL,
	"Cemail_id"	VARCHAR(255),
	PRIMARY KEY("Aaddress_id" AUTOINCREMENT),
	FOREIGN KEY("Cemail_id") REFERENCES "Customer"("Cemail_id") ON DELETE CASCADE
);
CREATE TABLE IF NOT EXISTS "Basket" (
	"Bbasket_id"	INTEGER,
	"Cemail_id"	VARCHAR(255) NOT NULL,
	PRIMARY KEY("Bbasket_id" AUTOINCREMENT),
	FOREIGN KEY("Cemail_id") REFERENCES "Customer"("Cemail_id") ON DELETE CASCADE
);
CREATE TABLE IF NOT EXISTS "Customer" (
	"Cemail_id"	VARCHAR(255) NOT NULL,
	"Cfirst_name"	VARCHAR(50) NOT NULL,
	"Cmiddle_name"	VARCHAR(50),
	"Clast_name"	VARCHAR(50) NOT NULL,
	"Cbirthdate"	DATE NOT NULL,
	"Cphone_number"	VARCHAR(15) NOT NULL,
	"Cpassword"	VARCHAR(100) NOT NULL,
	PRIMARY KEY("Cemail_id")
);
CREATE TABLE IF NOT EXISTS "Delivery" (
	"Dtrack_number"	INTEGER,
	"Ddate_of_delivery"	DATE NOT NULL,
	"Dstatus"	VARCHAR(50) NOT NULL DEFAULT 'Pending' CHECK("Dstatus" IN ('Pending', 'Delivered', 'Cancelled')),
	"Aaddress_id"	INT,
	PRIMARY KEY("Dtrack_number" AUTOINCREMENT),
	FOREIGN KEY("Aaddress_id") REFERENCES "Address"("Aaddress_id") ON DELETE SET NULL
);
CREATE TABLE IF NOT EXISTS "Orders" (
	"Oorder_number"	INTEGER,
	"Odate"	DATE NOT NULL,
	"Odeduction"	FLOAT CHECK("Odeduction" >= 0),
	"Cemail_id"	VARCHAR(255) NOT NULL,
	"Ppayment_method_id"	INTEGER NOT NULL,
	"Dtrack_number"	INTEGER,
	PRIMARY KEY("Oorder_number" AUTOINCREMENT),
	FOREIGN KEY("Cemail_id") REFERENCES "Customer"("Cemail_id") ON DELETE CASCADE,
	FOREIGN KEY("Dtrack_number") REFERENCES "Delivery"("Dtrack_number"),
	FOREIGN KEY("Ppayment_method_id") REFERENCES "Payment_methods"("Ppayment_method_id") ON DELETE CASCADE
);
CREATE TABLE IF NOT EXISTS "Payment_methods" (
	"Pis_default"	CHAR(1) NOT NULL DEFAULT 'N' CHECK("Pis_default" IN ('Y', 'N')),
	"Ppayment_method_id"	INTEGER,
	"Cemail_id"	VARCHAR(255) NOT NULL,
	PRIMARY KEY("Ppayment_method_id" AUTOINCREMENT),
	FOREIGN KEY("Cemail_id") REFERENCES "Customer"("Cemail_id") ON DELETE CASCADE
);
CREATE TABLE IF NOT EXISTS "Pcredit_debit_cards" (
	"Pcard_number"	VARCHAR(16) NOT NULL,
	"Pcard_expiry_date"	DATE NOT NULL,
	"Pverification_code"	VARCHAR(4) NOT NULL,
	"Pname_on_card"	VARCHAR(100) NOT NULL,
	"Ppayment_method_id"	INTEGER NOT NULL,
	PRIMARY KEY("Pcard_number"),
	FOREIGN KEY("Ppayment_method_id") REFERENCES "Payment_methods"("Ppayment_method_id") ON DELETE CASCADE
);
CREATE TABLE IF NOT EXISTS "Products" (
	"Pproduct_number"	INTEGER,
	"Pshort_name"	VARCHAR(100) NOT NULL,
	"Ptextual_description"	VARCHAR(300),
	"Pbrand"	VARCHAR(50),
	"Pcolour"	VARCHAR(50),
	"Plength"	FLOAT CHECK("Plength" >= 0),
	"Pwidth"	FLOAT CHECK("Pwidth" >= 0),
	"Pheight"	FLOAT CHECK("Pheight" >= 0),
	"Pweight"	FLOAT CHECK("Pweight" >= 0),
	"Pprice"	FLOAT NOT NULL CHECK("Pprice" >= 0),
	"Pdays_of_warranty"	INT,
	"Pcategory"	VARCHAR(100),
	"Pstock_count"	INT NOT NULL CHECK("Pstock_count" >= 0),
	PRIMARY KEY("Pproduct_number" AUTOINCREMENT)
);
CREATE TABLE IF NOT EXISTS "Pvouchers_gift_cards" (
	"Pserial_numbers"	VARCHAR(20) NOT NULL,
	"Pvoucher_expiry_date"	DATE NOT NULL,
	"Ptotal_amount"	FLOAT NOT NULL CHECK("Ptotal_amount" >= 0),
	"Pcurrent_balance"	FLOAT NOT NULL CHECK("Pcurrent_balance" >= 0),
	"Ppayment_method_id"	INTEGER NOT NULL,
	PRIMARY KEY("Pserial_numbers"),
	FOREIGN KEY("Ppayment_method_id") REFERENCES "Payment_methods"("Ppayment_method_id") ON DELETE CASCADE
);
CREATE TABLE IF NOT EXISTS "Returns" (
	"Rticket_number"	INTEGER,
	"Rstart_date"	DATE NOT NULL,
	"Rdue_date"	DATE NOT NULL,
	"Rstatus"	VARCHAR(50) NOT NULL DEFAULT 'Pending' CHECK("Rstatus" IN ('Pending', 'Completed', 'Cancelled', 'Confirmed')),
	"Oorder_number"	INT NOT NULL,
	PRIMARY KEY("Rticket_number" AUTOINCREMENT),
	FOREIGN KEY("Oorder_number") REFERENCES "Orders"("Oorder_number") ON DELETE CASCADE
);
CREATE TABLE IF NOT EXISTS "Reviews" (
	"Rreview_number"	INTEGER,
	"Rdate"	DATE NOT NULL,
	"Rtext"	VARCHAR(500) NOT NULL,
	"Rranking"	INT NOT NULL DEFAULT 1 CHECK("Rranking" BETWEEN 1 AND 5),
	"Cemail_id"	VARCHAR(255) NOT NULL,
	"Pproduct_number"	INT NOT NULL,
	PRIMARY KEY("Rreview_number" AUTOINCREMENT),
	FOREIGN KEY("Cemail_id") REFERENCES "Customer"("Cemail_id") ON DELETE CASCADE,
	FOREIGN KEY("Pproduct_number") REFERENCES "Products"("Pproduct_number") ON DELETE CASCADE
);
CREATE TABLE IF NOT EXISTS "basket_contains" (
	"Bbasket_id"	INT NOT NULL,
	"Pproduct_number"	INT NOT NULL,
	"Bquantity"	INT NOT NULL CHECK("Bquantity" >= 0),
	PRIMARY KEY("Bbasket_id","Pproduct_number"),
	FOREIGN KEY("Bbasket_id") REFERENCES "Basket"("Bbasket_id") ON DELETE CASCADE,
	FOREIGN KEY("Pproduct_number") REFERENCES "Products"("Pproduct_number") ON DELETE CASCADE
);
CREATE TABLE IF NOT EXISTS "order_contains" (
	"Oorder_number"	INT NOT NULL,
	"Pproduct_number"	INT NOT NULL,
	"Oquantity"	INT NOT NULL CHECK("Oquantity" >= 0),
	PRIMARY KEY("Oorder_number","Pproduct_number"),
	FOREIGN KEY("Oorder_number") REFERENCES "Orders"("Oorder_number") ON DELETE CASCADE,
	FOREIGN KEY("Pproduct_number") REFERENCES "Products"("Pproduct_number") ON DELETE CASCADE
);
INSERT INTO "Address" VALUES (1,'25542 Erin Mountains','Mcdonald Park','West Pamelachester','Wallis and Futuna','F8ADF7','jason57@yahoo.com');
INSERT INTO "Address" VALUES (2,'151 Colon Rapid','Robert Center','Port Kellyfurt','Honduras','JNV07O','jason57@yahoo.com');
INSERT INTO "Address" VALUES (3,'887','Mary Trail','Jameston','Jersey','83XPHX','jason57@yahoo.com');
INSERT INTO "Address" VALUES (4,'39442','Zamora Alley','Marymouth','Tanzania','BVSIGB','jason57@yahoo.com');
INSERT INTO "Address" VALUES (5,'2819 Morris Island','Susan Greens','Riosview','Malaysia','9DJOYO','jason57@yahoo.com');
INSERT INTO "Address" VALUES (6,'107 Nicole Shoal','Sullivan Burg','Lake Andrea','Georgia','0CDK36','jason57@yahoo.com');
INSERT INTO "Address" VALUES (7,'7354','Gabriela Tunnel','East Crystalview','Australia','VH7UJO','lewismatthew@wade-peterson.org');
INSERT INTO "Address" VALUES (8,'25542 Erin Mountains','Mcdonald Park','West Pamelachester','Wallis and Futuna','F8ADF7','lewismatthew@wade-peterson.org');
INSERT INTO "Address" VALUES (9,'395','Teresa Passage','East Andrewfurt','Ghana','2853UY','lewismatthew@wade-peterson.org');
INSERT INTO "Address" VALUES (10,'45331','Smith Causeway','Leeborough','Andorra','18QQVA','lewismatthew@wade-peterson.org');
INSERT INTO "Address" VALUES (11,'151 Colon Rapid','Robert Center','Port Kellyfurt','Honduras','JNV07O','lewismatthew@wade-peterson.org');
INSERT INTO "Address" VALUES (12,'62079 Stephanie Loop','Gavin Common','Katieberg','Oman','YIL8SA','cmorris@johnson.com');
INSERT INTO "Address" VALUES (13,'340 Miles Mews','Gallegos Points','Patriciaburgh','Palau','KO0MTG','cmorris@johnson.com');
INSERT INTO "Address" VALUES (14,'1454 Williams Walk','Ryan Stream','Adamville','Korea','6J8Y6R','cmorris@johnson.com');
INSERT INTO "Address" VALUES (15,'1454 Williams Walk','Ryan Stream','Adamville','Korea','6J8Y6R','cmorris@johnson.com');
INSERT INTO "Address" VALUES (16,'5388','Robert Plains','Rangelport','Oman','I44M2E','cmorris@johnson.com');
INSERT INTO "Address" VALUES (17,'340 Miles Mews','Gallegos Points','Patriciaburgh','Palau','KO0MTG','cmorris@johnson.com');
INSERT INTO "Address" VALUES (18,'05843 Pham Plains','Parsons Via','Natalieton','Trinidad and Tobago','4NL65U','ramirezyolanda@hotmail.com');
INSERT INTO "Address" VALUES (19,'00254 Jessica Summit','Mary Extension','Moorefurt','Slovenia','96KHUB','ramirezyolanda@hotmail.com');
INSERT INTO "Address" VALUES (20,'53699','Joshua Bypass','Williamsonburgh','Liechtenstein','SOYG9Z','ramirezyolanda@hotmail.com');
INSERT INTO "Address" VALUES (21,'33628 Rodriguez Centers','Jones Canyon','West Anthony','Venezuela','AHULWJ','ramirezyolanda@hotmail.com');
INSERT INTO "Address" VALUES (22,'787 Robertson Drives','Mary River','New Ian','Turks and Caicos Islands','J8MGPP','ramirezyolanda@hotmail.com');
INSERT INTO "Address" VALUES (23,NULL,'Cody Falls','Reeseside','Lithuania','KGEUID','ramirezyolanda@hotmail.com');
INSERT INTO "Address" VALUES (24,'54201 Meghan Stream','Brittany Station','Williefort','Belize','T4H20R','ramirezyolanda@hotmail.com');
INSERT INTO "Address" VALUES (25,'1432 Farmer Streets','Brittney Manors','West Derekville','Somalia','94SZ2K','ewalters@gmail.com');
INSERT INTO "Address" VALUES (26,'219 Keller Trail','Martin Roads','Jenniferburgh','Sri Lanka','OYC3RW','ewalters@gmail.com');
INSERT INTO "Address" VALUES (27,NULL,'Marcus Creek','East Shelia','Paraguay','MU3MOM','andreamiller@lee.com');
INSERT INTO "Address" VALUES (28,'5486 Collins Walk','Jennifer Estates','New Chelseaview','Iceland','UXT9KL','andreamiller@lee.com');
INSERT INTO "Address" VALUES (29,'3627','Todd Stream','North Christopherton','Costa Rica','NKWFG3','andreamiller@lee.com');
INSERT INTO "Address" VALUES (30,'343','Brittany Field','East Jordan','Chad','CMLXZV','andreamiller@lee.com');
INSERT INTO "Address" VALUES (31,NULL,'Padilla Manor','Weaverville','Turkey','0SQG4E','andreamiller@lee.com');
INSERT INTO "Address" VALUES (32,'8204','Adrian Harbor','Port Anthony','Pitcairn Islands','HOD7RB','andreamiller@lee.com');
INSERT INTO "Address" VALUES (33,'89158 Grimes Neck','Reynolds Green','Georgestad','Hong Kong','DWD7OI','andreamiller@lee.com');
INSERT INTO "Address" VALUES (34,'7315 George Heights','Ashley Throughway','Lisahaven','Poland','E4BX4L','darrell34@hancock.com');
INSERT INTO "Address" VALUES (35,NULL,'Mark Rue','Jacobstad','Sao Tome and Principe','E8TVQ0','darrell34@hancock.com');
INSERT INTO "Address" VALUES (36,NULL,'Butler Vista','Davidchester','Liechtenstein','6RIDLO','darrell34@hancock.com');
INSERT INTO "Address" VALUES (37,'25542 Erin Mountains','Mcdonald Park','West Pamelachester','Wallis and Futuna','F8ADF7','darrell34@hancock.com');
INSERT INTO "Address" VALUES (38,'438 Charles Village','Felicia Light','West Richardside','Qatar','MQA78R','allenjohn@warren.net');
INSERT INTO "Address" VALUES (39,'8204','Adrian Harbor','Port Anthony','Pitcairn Islands','HOD7RB','allenjohn@warren.net');
INSERT INTO "Address" VALUES (40,'108 Dennis Center','Fisher Square','Lewismouth','Algeria','2TG5PI','allenjohn@warren.net');
INSERT INTO "Address" VALUES (41,NULL,'Hunter Viaduct','Lake Lucasfort','Netherlands Antilles','HCWS2W','allenjohn@warren.net');
INSERT INTO "Address" VALUES (42,NULL,'John Villages','Port Chrisborough','Faroe Islands','XTJGCE','allenjohn@warren.net');
INSERT INTO "Address" VALUES (43,'7315 George Heights','Ashley Throughway','Lisahaven','Poland','E4BX4L','allenjohn@warren.net');
INSERT INTO "Address" VALUES (44,NULL,'Jodi Crossing','Lake Jamesberg','Israel','GABTGD','allenjohn@warren.net');
INSERT INTO "Address" VALUES (45,'5712','Nicholas Estate','Riversville','Zimbabwe','IFRML2','allenjohn@warren.net');
INSERT INTO "Address" VALUES (46,'51591 Richardson Rue','James Freeway','Kennethberg','Montserrat','L48C1C','lle@yahoo.com');
INSERT INTO "Address" VALUES (47,'40854 Brandon Inlet','Landry Lights','Hickshaven','Macao','6JNA9Z','lle@yahoo.com');
INSERT INTO "Address" VALUES (48,'380','Stewart Bridge','Sheilaside','Dominican Republic','0BQ1S9','lle@yahoo.com');
INSERT INTO "Address" VALUES (49,NULL,'Gilbert Island','Kathryntown','Cyprus','F00TER','lle@yahoo.com');
INSERT INTO "Address" VALUES (50,'3129','Valerie Glens','Leview','Cocos (Keeling) Islands','5HEWLG','lle@yahoo.com');
INSERT INTO "Address" VALUES (51,'45394','Heather Oval','North Erica','Saint Barthelemy','AB2RVN','gainesthomas@mccormick.com');
INSERT INTO "Address" VALUES (52,'340 Miles Mews','Gallegos Points','Patriciaburgh','Palau','KO0MTG','gainesthomas@mccormick.com');
INSERT INTO "Address" VALUES (53,'5910','Mcdonald Bypass','Andersontown','Faroe Islands','CXZ2EI','gainesthomas@mccormick.com');
INSERT INTO "Address" VALUES (54,NULL,'Yvonne Ports','Tranton','Serbia','0AN0JB','gainesthomas@mccormick.com');
INSERT INTO "Address" VALUES (55,'8038','Karen Trail','Port Randytown','Falkland Islands (Malvinas)','UTLQ5V','bstokes@gmail.com');
INSERT INTO "Address" VALUES (56,'39758 Aguirre Summit','Jessica Grove','Lake Mirandastad','Moldova','CFKJNA','bstokes@gmail.com');
INSERT INTO "Address" VALUES (57,'164','Smith Street','Wallsfurt','Bulgaria','5WNWLC','bstokes@gmail.com');
INSERT INTO "Address" VALUES (58,'6619','Joseph Mountains','New Tina','Fiji','SRTWLX','bstokes@gmail.com');
INSERT INTO "Address" VALUES (59,'108 Dennis Center','Fisher Square','Lewismouth','Algeria','2TG5PI','bstokes@gmail.com');
INSERT INTO "Address" VALUES (60,'62586 Jenna Route','Evan Keys','Lake Lisa','South Georgia and the South Sandwich Islands','4E5HRD','bstokes@gmail.com');
INSERT INTO "Address" VALUES (61,NULL,'Butler Turnpike','Shawnport','Chile','SZJNVC','bstokes@gmail.com');
INSERT INTO "Address" VALUES (62,'880 Teresa Unions','Mays Pines','Joshuaborough','Rwanda','QXM063','walkerbreanna@pena.biz');
INSERT INTO "Address" VALUES (63,'10774 Andrea Light','Amy Flat','Duaneport','Tajikistan','3JBCK8','walkerbreanna@pena.biz');
INSERT INTO "Address" VALUES (64,'84863 Toni Gateway','Jason Ridge','Lamview','Nigeria','DINGXU','walkerbreanna@pena.biz');
INSERT INTO "Address" VALUES (65,'1159','Madison Rapid','Lake Deantown','Qatar','1UYZPD','xhoffman@gmail.com');
INSERT INTO "Address" VALUES (66,NULL,'Hernandez Corner','North Jerry','Korea','XTV76T','xhoffman@gmail.com');
INSERT INTO "Address" VALUES (67,NULL,'Shelby Well','West Charlesmouth','Palau','3LITNT','rochajames@hotmail.com');
INSERT INTO "Address" VALUES (68,NULL,'Kim Crossing','New Mark','Norfolk Island','QO09VS','rochajames@hotmail.com');
INSERT INTO "Address" VALUES (69,'507','Shawn Ferry','Rodgerschester','Greenland','KH4A3Y','rochajames@hotmail.com');
INSERT INTO "Address" VALUES (70,'81185 Joshua Avenue','Galloway Drive','West Theresafort','Djibouti','DQFJ6I','rochajames@hotmail.com');
INSERT INTO "Address" VALUES (71,'373','Moody Meadows','West Jennifer','French Guiana','UUHCLR','rochajames@hotmail.com');
INSERT INTO "Address" VALUES (72,'7738 Lawrence Oval','Jamie Ranch','New Adam','Lao People''s Democratic Republic','VK0UCC','tanyathompson@rivera-benton.info');
INSERT INTO "Address" VALUES (73,NULL,'Madison Burg','South Michaelview','Djibouti','O55IXV','tanyathompson@rivera-benton.info');
INSERT INTO "Address" VALUES (74,'164','Smith Street','Wallsfurt','Bulgaria','5WNWLC','tanyathompson@rivera-benton.info');
INSERT INTO "Address" VALUES (75,'107 Nicole Shoal','Sullivan Burg','Lake Andrea','Georgia','0CDK36','tanyathompson@rivera-benton.info');
INSERT INTO "Address" VALUES (76,'870 Russell Course','Alyssa Path','Taylorport','Antigua and Barbuda','LZFY98','tanyathompson@rivera-benton.info');
INSERT INTO "Address" VALUES (77,'668 Matthew Summit','Angela Courts','Erinview','Saint Barthelemy','HKOECU','tanyathompson@rivera-benton.info');
INSERT INTO "Address" VALUES (78,NULL,'Butler Turnpike','Shawnport','Chile','SZJNVC','tanyathompson@rivera-benton.info');
INSERT INTO "Address" VALUES (79,'870 Russell Course','Alyssa Path','Taylorport','Antigua and Barbuda','LZFY98','hansonolivia@gmail.com');
INSERT INTO "Address" VALUES (80,'71585 Ochoa Rapid','Campbell Lodge','Fergusonshire','Svalbard & Jan Mayen Islands','1RHOUU','hansonolivia@gmail.com');
INSERT INTO "Address" VALUES (81,'83408 Johnson Light','Kim Extension','Lake Mariaberg','Niger','IJPYUE','hansonolivia@gmail.com');
INSERT INTO "Address" VALUES (82,NULL,'David Turnpike','Lisaview','Yemen','GMX1GM','hansonolivia@gmail.com');
INSERT INTO "Address" VALUES (83,'66626','Russell Curve','East David','Aruba','7IYF0D','omurphy@gmail.com');
INSERT INTO "Address" VALUES (84,'53599 Taylor Plaza','Fleming Ville','East Tasha','Gabon','8753AY','omurphy@gmail.com');
INSERT INTO "Address" VALUES (85,NULL,'Shelby Well','West Charlesmouth','Palau','3LITNT','omurphy@gmail.com');
INSERT INTO "Address" VALUES (86,'02690','Heather Haven','South Ryanland','Suriname','0HT1TW','omurphy@gmail.com');
INSERT INTO "Address" VALUES (87,'036 Wilson Knolls','Matthew Knoll','Ellisonberg','Brazil','N6SJCH','omurphy@gmail.com');
INSERT INTO "Address" VALUES (88,'3687','Erin Circle','Muellerchester','Cook Islands','Q8CXX6','omurphy@gmail.com');
INSERT INTO "Address" VALUES (89,'910 Sarah Loaf','Tina Ford','West Jonathanside','Norfolk Island','A5XIN9','omurphy@gmail.com');
INSERT INTO "Address" VALUES (90,'765','Amy Extension','Port Nicole','Turkey','GSQ7AI','qthompson@yahoo.com');
INSERT INTO "Address" VALUES (91,NULL,'Thornton Road','Jeffreymouth','Cambodia','0AYMK9','robert99@barber.com');
INSERT INTO "Address" VALUES (92,'766','Brown Shores','North Brianaburgh','Greece','W563BT','robert99@barber.com');
INSERT INTO "Address" VALUES (93,'822 Thomas Walks','Reilly Brooks','Lake Melindashire','Cote d''Ivoire','MOE0SY','robert99@barber.com');
INSERT INTO "Address" VALUES (94,'9774 Lisa Lights','Bryan Fall','Lake Richard','Senegal','PUPLVQ','robert99@barber.com');
INSERT INTO "Address" VALUES (95,'787 Robertson Drives','Mary River','New Ian','Turks and Caicos Islands','J8MGPP','robert99@barber.com');
INSERT INTO "Address" VALUES (96,'64242 Miller Ford','Denise Grove','Joelville','Malaysia','5LZSE9','robert99@barber.com');
INSERT INTO "Address" VALUES (97,'9863 Serrano Pass','Conway Loop','Lake Kristina','Reunion','XUFCTZ','robert99@barber.com');
INSERT INTO "Address" VALUES (98,NULL,'Cody Falls','Reeseside','Lithuania','KGEUID','robert99@barber.com');
INSERT INTO "Address" VALUES (99,NULL,'Mitchell Union','West Jamieberg','Puerto Rico','K03W0F','kimberlyjohnson@yahoo.com');
INSERT INTO "Address" VALUES (100,'33628 Rodriguez Centers','Jones Canyon','West Anthony','Venezuela','AHULWJ','kimberlyjohnson@yahoo.com');
INSERT INTO "Address" VALUES (101,'822 Thomas Walks','Reilly Brooks','Lake Melindashire','Cote d''Ivoire','MOE0SY','kimberlyjohnson@yahoo.com');
INSERT INTO "Address" VALUES (102,'3798 Foster Extensions','Robinson Plains','Port Andrea','Sao Tome and Principe','VIAC2E','kimberlyjohnson@yahoo.com');
INSERT INTO "Address" VALUES (103,NULL,'Jensen Brook','Hopkinsbury','Liberia','GNRFIO','kimberlyjohnson@yahoo.com');
INSERT INTO "Address" VALUES (104,'754 Elizabeth Landing','Harris Fort','Dukeville','Estonia','091C79','jeffery77@gmail.com');
INSERT INTO "Address" VALUES (105,NULL,'Zimmerman Prairie','Jodymouth','Venezuela','55P1V3','jeffery77@gmail.com');
INSERT INTO "Address" VALUES (106,'6521','Patterson Run','Alexandermouth','Fiji','SQ3B9S','jeffery77@gmail.com');
INSERT INTO "Address" VALUES (107,'4085 Burton Brook','Emily Heights','Shawnberg','Lithuania','USWBKO','jeffery77@gmail.com');
INSERT INTO "Address" VALUES (108,NULL,'Monroe Summit','West Kristin','Andorra','FK7Y6Q','cookmaurice@mckay.info');
INSERT INTO "Address" VALUES (109,'516 Gibson Rest','Brandy Common','South Jeffreyberg','Rwanda','0E27ZE','cookmaurice@mckay.info');
INSERT INTO "Address" VALUES (110,'666','Kimberly Pines','Port Brandy','Marshall Islands','GVZHQJ','cookmaurice@mckay.info');
INSERT INTO "Address" VALUES (111,'1468 Linda Square','Steven Tunnel','Kingburgh','Tonga','ZEEQNS','cookmaurice@mckay.info');
INSERT INTO "Address" VALUES (112,'75073 Lam Tunnel','Vega Ridges','Port Susan','Bahamas','NN16UX','simpsonedward@davis.net');
INSERT INTO "Address" VALUES (113,NULL,'Cody Falls','Reeseside','Lithuania','KGEUID','simpsonedward@davis.net');
INSERT INTO "Address" VALUES (114,'666','Kimberly Pines','Port Brandy','Marshall Islands','GVZHQJ','simpsonedward@davis.net');
INSERT INTO "Address" VALUES (115,'40854 Brandon Inlet','Landry Lights','Hickshaven','Macao','6JNA9Z','simpsonedward@davis.net');
INSERT INTO "Address" VALUES (116,NULL,'Hunter Plaza','Smithport','Norfolk Island','WEEHWJ','simpsonedward@davis.net');
INSERT INTO "Address" VALUES (117,'01567','Michael Cliffs','Port Gracebury','Guadeloupe','VRHXQP','simpsonedward@davis.net');
INSERT INTO "Address" VALUES (118,'70037 Jennifer Terrace','White Cliffs','East Megan','New Zealand','5KW3HG','paul76@gmail.com');
INSERT INTO "Address" VALUES (119,'5910','Mcdonald Bypass','Andersontown','Faroe Islands','CXZ2EI','paul76@gmail.com');
INSERT INTO "Address" VALUES (120,'2819 Morris Island','Susan Greens','Riosview','Malaysia','9DJOYO','paul76@gmail.com');
INSERT INTO "Address" VALUES (121,NULL,'Price Drive','Wolfeshire','Jamaica','7BPGYV','paul76@gmail.com');
INSERT INTO "Address" VALUES (122,'8988 Derek Brook','Goodwin Ramp','Baldwinhaven','Kyrgyz Republic','80MB1L','paul76@gmail.com');
INSERT INTO "Address" VALUES (123,'3655 Derek Cliff','Lisa Junction','Port Barbara','Monaco','14CQE4','paul76@gmail.com');
INSERT INTO "Address" VALUES (124,'672','Paige Plains','Williamberg','Peru','ZWD0W9','paul76@gmail.com');
INSERT INTO "Address" VALUES (125,NULL,'Brown Pines','Scottside','Iran','VLS9ME','paul76@gmail.com');
INSERT INTO "Address" VALUES (126,NULL,'Long River','Nicholechester','Sudan','35IKGE','paul76@gmail.com');
INSERT INTO "Address" VALUES (127,'259 Diane Orchard','Davis Vista','Petersonchester','Sierra Leone','0HWOBM','matthewphillips@yahoo.com');
INSERT INTO "Address" VALUES (128,'657 Michael Walk','Anthony Ports','Salazarton','Croatia','AHK2LS','matthewphillips@yahoo.com');
INSERT INTO "Address" VALUES (129,'7075 Jenkins Skyway','Robertson Bridge','Port Jessicaborough','Lesotho','ELOU83','matthewphillips@yahoo.com');
INSERT INTO "Address" VALUES (130,'45394','Heather Oval','North Erica','Saint Barthelemy','AB2RVN','matthewphillips@yahoo.com');
INSERT INTO "Address" VALUES (131,NULL,'Richardson Skyway','Mitchellstad','Lebanon','2XRW6T','matthewphillips@yahoo.com');
INSERT INTO "Address" VALUES (132,'86662','Holland Rapids','Christopherbury','Qatar','4K0LTH','matthewphillips@yahoo.com');
INSERT INTO "Address" VALUES (133,'4714','Roger Trail','Reyesmouth','Congo','8KB9W4','matthewphillips@yahoo.com');
INSERT INTO "Address" VALUES (134,'443 Brandon Mall','Phillips Junction','Deborahport','Guinea','V51ZLB','jnewman@gmail.com');
INSERT INTO "Address" VALUES (135,'9738','William Groves','North Michaelberg','France','N3KSGN','jnewman@gmail.com');
INSERT INTO "Address" VALUES (136,'343','Brittany Field','East Jordan','Chad','CMLXZV','jnewman@gmail.com');
INSERT INTO "Address" VALUES (137,'70691','Jeffrey Fork','South Kenneth','Northern Mariana Islands','26FMR5','jnewman@gmail.com');
INSERT INTO "Address" VALUES (138,'176','Christina Pass','Williamside','Sweden','1D9S9H','jnewman@gmail.com');
INSERT INTO "Address" VALUES (139,'6619','Joseph Mountains','New Tina','Fiji','SRTWLX','jnewman@gmail.com');
INSERT INTO "Address" VALUES (140,'605 Haley Heights','Johnston Burgs','New Richardport','Anguilla','A7YVDQ','jnewman@gmail.com');
INSERT INTO "Address" VALUES (141,'71585 Ochoa Rapid','Campbell Lodge','Fergusonshire','Svalbard & Jan Mayen Islands','1RHOUU','jnewman@gmail.com');
INSERT INTO "Address" VALUES (142,'5217','Gutierrez Rue','Franciston','Croatia','UL6LGJ','jnewman@gmail.com');
INSERT INTO "Address" VALUES (143,'078 Darrell Camp','Kathy Trail','Lake Donald','Uruguay','JFE8UD','sabrina88@gmail.com');
INSERT INTO "Address" VALUES (144,NULL,'Mendoza Stravenue','North Cody','Antarctica (the territory South of 60 deg S)','FZKICW','sabrina88@gmail.com');
INSERT INTO "Address" VALUES (145,'05620','Walter Dam','Joshuaburgh','Svalbard & Jan Mayen Islands','EQYDBP','sabrina88@gmail.com');
INSERT INTO "Address" VALUES (146,NULL,'Thornton Road','Jeffreymouth','Cambodia','0AYMK9','sabrina88@gmail.com');
INSERT INTO "Address" VALUES (147,NULL,'Williams Hills','East Rebecca','Denmark','L3ZYT9','sabrina88@gmail.com');
INSERT INTO "Address" VALUES (148,'499 Jones Oval','Joanna Field','New Danielle','Montserrat','37QQYZ','novakwalter@gmail.com');
INSERT INTO "Address" VALUES (149,'33394 Kathleen Isle','Caldwell Brooks','Hallside','Uruguay','8F6JNG','novakwalter@gmail.com');
INSERT INTO "Address" VALUES (150,NULL,'Jason Island','South Sarah','Martinique','QBRMQG','novakwalter@gmail.com');
INSERT INTO "Address" VALUES (151,'19882 Dakota Pass','Donald Locks','Richardsfurt','Guernsey','SOZDUC','novakwalter@gmail.com');
INSERT INTO "Address" VALUES (152,NULL,'Black Common','East Michelle','Tuvalu','VIIFRC','novakwalter@gmail.com');
INSERT INTO "Address" VALUES (153,NULL,'George Fork','Mcguirechester','Faroe Islands','UMYGY0','novakwalter@gmail.com');
INSERT INTO "Address" VALUES (154,'782','Jessica Ridges','East Anthonyburgh','Costa Rica','VQT3G8','novakwalter@gmail.com');
INSERT INTO "Address" VALUES (155,NULL,'Myers Station','New Christine','Samoa','RXD356','randy47@henson-richardson.com');
INSERT INTO "Address" VALUES (156,'88883 Wells Port','Justin Village','Jamesbury','Lao People''s Democratic Republic','XQKWQH','daviessamantha@hotmail.com');
INSERT INTO "Address" VALUES (157,NULL,'Saunders Terrace','West Robert','Western Sahara','77Z69U','daviessamantha@hotmail.com');
INSERT INTO "Address" VALUES (158,'08401','Lisa Roads','Port Jessica','Norway','4C68AU','daviessamantha@hotmail.com');
INSERT INTO "Address" VALUES (159,'575 Thomas Estates','Roman Path','Lindaton','Croatia','55IZOL','daviessamantha@hotmail.com');
INSERT INTO "Address" VALUES (160,NULL,'Darius Garden','Coopershire','Armenia','TXRGN7','daviessamantha@hotmail.com');
INSERT INTO "Address" VALUES (161,'712 Ortiz Valleys','Dawn Mountain','Mariamouth','Saint Pierre and Miquelon','K5EAXF','daviessamantha@hotmail.com');
INSERT INTO "Address" VALUES (162,'414','Jacob Square','Port Samuelside','Canada','DXOQ2V','daviessamantha@hotmail.com');
INSERT INTO "Address" VALUES (163,'091 Snow Freeway','Timothy Hollow','Wagnertown','Brunei Darussalam','QP3NIP','daviessamantha@hotmail.com');
INSERT INTO "Address" VALUES (164,'88883 Wells Port','Justin Village','Jamesbury','Lao People''s Democratic Republic','XQKWQH','daviessamantha@hotmail.com');
INSERT INTO "Address" VALUES (165,'07746 Cox Dam','Baker Parkways','Lake Davidport','Niger','ZJ7UBB','daviessamantha@hotmail.com');
INSERT INTO "Address" VALUES (166,'42052 Briana Falls','Ferguson Creek','Lake Michael','Burkina Faso','U8C0S4','andreagarza@smith.com');
INSERT INTO "Address" VALUES (167,NULL,'Joshua Hollow','Port Debbieside','Chile','SSVIWX','andreagarza@smith.com');
INSERT INTO "Address" VALUES (168,'6548','Kevin Valley','East Jessica','Denmark','6TAQ6U','andreagarza@smith.com');
INSERT INTO "Address" VALUES (169,NULL,'Sandoval Avenue','Tanyahaven','Netherlands','KB700U','andreagarza@smith.com');
INSERT INTO "Address" VALUES (170,NULL,'Jason Island','South Sarah','Martinique','QBRMQG','andreagarza@smith.com');
INSERT INTO "Address" VALUES (171,'594 Charles Haven','Vazquez Loop','Port Jocelyn','Cote d''Ivoire','XK0ARE','andreagarza@smith.com');
INSERT INTO "Address" VALUES (172,'02690','Heather Haven','South Ryanland','Suriname','0HT1TW','andreagarza@smith.com');
INSERT INTO "Address" VALUES (173,'02690','Heather Haven','South Ryanland','Suriname','0HT1TW','timothyboyle@hotmail.com');
INSERT INTO "Address" VALUES (174,'3518','Lisa River','West Patricia','Mali','0V60XN','timothyboyle@hotmail.com');
INSERT INTO "Address" VALUES (175,'81185 Joshua Avenue','Galloway Drive','West Theresafort','Djibouti','DQFJ6I','timothyboyle@hotmail.com');
INSERT INTO "Address" VALUES (176,'4014 Steven Cliffs','Wright Mews','Porterfurt','Uganda','MDF7FR','timothyboyle@hotmail.com');
INSERT INTO "Address" VALUES (177,'940 Raymond Road','Davidson Estates','East Christina','Rwanda','X0GU4B','juliaolson@ford.com');
INSERT INTO "Address" VALUES (178,'4756 Flores Neck','Katie Squares','New Anna','Slovakia (Slovak Republic)','BQRR87','juliaolson@ford.com');
INSERT INTO "Address" VALUES (179,NULL,'Holt Estate','New Bryan','Swaziland','JTPK2N','juliaolson@ford.com');
INSERT INTO "Address" VALUES (180,'821 Julie Mount','Wilson Pass','Anthonystad','Costa Rica','DTM4VX','juliaolson@ford.com');
INSERT INTO "Address" VALUES (181,NULL,'Haney Spring','North Richardville','Iraq','2JVQYI','juliaolson@ford.com');
INSERT INTO "Address" VALUES (182,'729 Christina Courts','Hoffman Haven','Wrightville','Jamaica','SY9LAA','juliaolson@ford.com');
INSERT INTO "Address" VALUES (183,'343','Brittany Field','East Jordan','Chad','CMLXZV','strongamanda@gay-flowers.com');
INSERT INTO "Address" VALUES (184,'5217','Gutierrez Rue','Franciston','Croatia','UL6LGJ','kendra66@yahoo.com');
INSERT INTO "Address" VALUES (185,NULL,'Kyle Fall','Douglaston','Namibia','GAD7X4','kendra66@yahoo.com');
INSERT INTO "Address" VALUES (186,'18989 Alexander Point','Johnson Extension','Julietown','Cote d''Ivoire','ZE4EX6','kendra66@yahoo.com');
INSERT INTO "Address" VALUES (187,'886 White Square','Tanya Square','Port Randyside','Sweden','6ZJQ7W','kendra66@yahoo.com');
INSERT INTO "Address" VALUES (188,NULL,'Tamara Lakes','North Carrieside','Puerto Rico','YY1J2J','kendra66@yahoo.com');
INSERT INTO "Address" VALUES (189,'3655 Derek Cliff','Lisa Junction','Port Barbara','Monaco','14CQE4','kendra66@yahoo.com');
INSERT INTO "Address" VALUES (190,'000 Bell Lodge','Pamela Wall','New Ricardo','Belgium','J3GC9H','kendra66@yahoo.com');
INSERT INTO "Address" VALUES (191,'858','Roberts Inlet','East Jonathon','Dominica','F1HX6Z','kendra66@yahoo.com');
INSERT INTO "Address" VALUES (192,NULL,'Cody Falls','Reeseside','Lithuania','KGEUID','richard53@gmail.com');
INSERT INTO "Address" VALUES (193,'67326','Chelsea Center','Saraburgh','Cambodia','6FX7XJ','aprilalvarez@hotmail.com');
INSERT INTO "Address" VALUES (194,'6677','Cooper Ramp','North Keith','Paraguay','S7RP42','aprilalvarez@hotmail.com');
INSERT INTO "Address" VALUES (195,'370 Webb Parks','Reid Expressway','South Benjamin','Palau','A83RU7','aprilalvarez@hotmail.com');
INSERT INTO "Address" VALUES (196,NULL,'Leah Greens','North Jessica','Norfolk Island','B9XN4M','aprilalvarez@hotmail.com');
INSERT INTO "Address" VALUES (197,'5080','Juan Grove','Carriemouth','Serbia','GBNGZ6','aprilalvarez@hotmail.com');
INSERT INTO "Address" VALUES (198,NULL,'Kimberly Haven','Charlestown','Qatar','DW0FGZ','aprilalvarez@hotmail.com');
INSERT INTO "Address" VALUES (199,NULL,'Harold Gardens','East Matthewborough','Japan','CTLT4Q','aprilalvarez@hotmail.com');
INSERT INTO "Address" VALUES (200,'983 Lisa Drives','Lee Skyway','Michaelburgh','India','MMZOHX','aprilalvarez@hotmail.com');
INSERT INTO "Address" VALUES (201,'487 Edwin Tunnel','Reyes Port','Port James','Lesotho','0IC0RA','aprilalvarez@hotmail.com');
INSERT INTO "Address" VALUES (202,'108 Dennis Center','Fisher Square','Lewismouth','Algeria','2TG5PI','deborahdominguez@yahoo.com');
INSERT INTO "Address" VALUES (203,NULL,'Harold Gardens','East Matthewborough','Japan','CTLT4Q','deborahdominguez@yahoo.com');
INSERT INTO "Address" VALUES (204,'822 Thomas Walks','Reilly Brooks','Lake Melindashire','Cote d''Ivoire','MOE0SY','deborahdominguez@yahoo.com');
INSERT INTO "Address" VALUES (205,'572 Ryan Isle','Becker Freeway','Lake Brandyborough','Central African Republic','QGV3DR','deborahdominguez@yahoo.com');
INSERT INTO "Address" VALUES (206,'430 Turner Brook','Russo Locks','Margaretberg','Australia','CHM40O','deborahdominguez@yahoo.com');
INSERT INTO "Address" VALUES (207,NULL,'Haney Spring','North Richardville','Iraq','2JVQYI','deborahdominguez@yahoo.com');
INSERT INTO "Address" VALUES (208,'48158','Robertson Mountains','Brandontown','Gibraltar','1VMEFO','deborahdominguez@yahoo.com');
INSERT INTO "Address" VALUES (209,'55083 White Falls','Dwayne Stravenue','West Robin','Saint Helena','P7BD4W','deborahdominguez@yahoo.com');
INSERT INTO "Address" VALUES (210,'282 Munoz Falls','Bishop Pike','South Shannon','Iran','5CA7ZV','deborahdominguez@yahoo.com');
INSERT INTO "Address" VALUES (211,'884','Burgess Tunnel','Taraton','El Salvador','HXSO7V','josemunoz@clark.com');
INSERT INTO "Address" VALUES (212,'8038','Karen Trail','Port Randytown','Falkland Islands (Malvinas)','UTLQ5V','josemunoz@clark.com');
INSERT INTO "Address" VALUES (213,'9253 Ashley Manors','Tracey Hill','Popemouth','Montenegro','W2MAIE','josemunoz@clark.com');
INSERT INTO "Address" VALUES (214,'28282 Williams Cove','Tiffany Gateway','West Deanna','Heard Island and McDonald Islands','W59SQW','josemunoz@clark.com');
INSERT INTO "Address" VALUES (215,'5052 Blanchard Burgs','Martinez Circles','Lynnbury','Sao Tome and Principe','EF46RF','davistravis@webb-freeman.com');
INSERT INTO "Address" VALUES (216,'124 Thomas Alley','James Crest','Rollinston','Yemen','XKPM21','davistravis@webb-freeman.com');
INSERT INTO "Address" VALUES (217,'05843 Pham Plains','Parsons Via','Natalieton','Trinidad and Tobago','4NL65U','davistravis@webb-freeman.com');
INSERT INTO "Address" VALUES (218,'395','Teresa Passage','East Andrewfurt','Ghana','2853UY','marshallcarly@hotmail.com');
INSERT INTO "Address" VALUES (219,'21969 Jason Hollow','Moyer Unions','Kimberlyport','Spain','CIQUP0','marshallcarly@hotmail.com');
INSERT INTO "Address" VALUES (220,'49237 John Prairie','Velasquez Corners','South Miranda','United States Minor Outlying Islands','2LD05N','marshallcarly@hotmail.com');
INSERT INTO "Address" VALUES (221,NULL,'Cook Square','South Jeffrey','Malta','BPHVGN','marshallcarly@hotmail.com');
INSERT INTO "Address" VALUES (222,'235 Benson Throughway','Bailey Estate','North Jeanette','Cuba','W9HEYC','marshallcarly@hotmail.com');
INSERT INTO "Address" VALUES (223,'499 Jones Oval','Joanna Field','New Danielle','Montserrat','37QQYZ','marshallcarly@hotmail.com');
INSERT INTO "Address" VALUES (224,'72688 Stephen Branch','Katrina Meadow','Stephanieborough','Mauritius','1HKF28','marshallcarly@hotmail.com');
INSERT INTO "Address" VALUES (225,'82359 Tammy Field','Taylor Estate','Jonathantown','Taiwan','D4R9V4','marshallcarly@hotmail.com');
INSERT INTO "Address" VALUES (226,'443 Brandon Mall','Phillips Junction','Deborahport','Guinea','V51ZLB','alyssa17@gmail.com');
INSERT INTO "Address" VALUES (227,'4507 Stacey Ridge','Lawson Curve','East Lisa','Samoa','IPI786','alyssa17@gmail.com');
INSERT INTO "Address" VALUES (228,'22230','Bender Orchard','New Jacquelinefurt','Qatar','BQ1BTR','alyssa17@gmail.com');
INSERT INTO "Address" VALUES (229,'6890 Chambers Circles','Middleton Lane','Ryanbury','Sierra Leone','QIUA08','alyssa17@gmail.com');
INSERT INTO "Address" VALUES (230,'99001 Donna Estate','Spencer Shoals','Murrayport','Belgium','XDRKZ4','hsmith@yahoo.com');
INSERT INTO "Address" VALUES (231,'1473 Rogers Prairie','Sharon Station','Ericksonton','Rwanda','9QEZG5','hsmith@yahoo.com');
INSERT INTO "Address" VALUES (232,'08202 Hernandez Spur','Patrick Camp','Kathyport','Tajikistan','4C6LBP','sgillespie@yahoo.com');
INSERT INTO "Address" VALUES (233,'929 Robin Ville','Horn Mission','East Nicholaston','Benin','2C50B8','sgillespie@yahoo.com');
INSERT INTO "Address" VALUES (234,'9231 Moore Ville','Tara Corners','Morrisfurt','India','DNWNGU','sgillespie@yahoo.com');
INSERT INTO "Address" VALUES (235,'22230','Bender Orchard','New Jacquelinefurt','Qatar','BQ1BTR','sgillespie@yahoo.com');
INSERT INTO "Address" VALUES (236,'01301 Lawrence Mount','Denise Hollow','Port Daniel','Indonesia','9IER7U','sgillespie@yahoo.com');
INSERT INTO "Address" VALUES (237,'5622 Haynes Shoal','Zachary Fall','Thomasbury','Australia','11L6SP','sgillespie@yahoo.com');
INSERT INTO "Address" VALUES (238,'01567','Michael Cliffs','Port Gracebury','Guadeloupe','VRHXQP','sgillespie@yahoo.com');
INSERT INTO "Address" VALUES (239,'51105','Bennett Prairie','Robertsfort','American Samoa','QT36QN','sgillespie@yahoo.com');
INSERT INTO "Address" VALUES (240,'73180 Angela Extensions','Lorraine Mountains','East Kimberlyfort','Denmark','G5DOG8','sgillespie@yahoo.com');
INSERT INTO "Address" VALUES (241,'3129','Valerie Glens','Leview','Cocos (Keeling) Islands','5HEWLG','sgillespie@yahoo.com');
INSERT INTO "Address" VALUES (242,'5712','Nicholas Estate','Riversville','Zimbabwe','IFRML2','lindafuller@cohen.net');
INSERT INTO "Address" VALUES (243,'994 Jon Mountains','Christopher Light','Port Peter','Serbia','SWK8TE','lindafuller@cohen.net');
INSERT INTO "Address" VALUES (244,'525','Madden Villages','Dayside','Guatemala','KC5I8X','lindafuller@cohen.net');
INSERT INTO "Address" VALUES (245,NULL,'Johnson Mall','New Ashleyshire','Macedonia','RXTTQU','lindafuller@cohen.net');
INSERT INTO "Address" VALUES (246,'71585 Ochoa Rapid','Campbell Lodge','Fergusonshire','Svalbard & Jan Mayen Islands','1RHOUU','ramirezbryan@yahoo.com');
INSERT INTO "Address" VALUES (247,NULL,'Jamie Islands','Jamesville','Martinique','1BMQF7','ramirezbryan@yahoo.com');
INSERT INTO "Address" VALUES (248,'34684','Jeremiah Station','Christiantown','Saint Kitts and Nevis','94YXFI','ramirezbryan@yahoo.com');
INSERT INTO "Address" VALUES (249,'9863 Serrano Pass','Conway Loop','Lake Kristina','Reunion','XUFCTZ','ramirezbryan@yahoo.com');
INSERT INTO "Basket" VALUES (1,'jason57@yahoo.com');
INSERT INTO "Basket" VALUES (2,'lewismatthew@wade-peterson.org');
INSERT INTO "Basket" VALUES (3,'cmorris@johnson.com');
INSERT INTO "Basket" VALUES (4,'ramirezyolanda@hotmail.com');
INSERT INTO "Basket" VALUES (5,'patricktracey@nichols.org');
INSERT INTO "Basket" VALUES (6,'ewalters@gmail.com');
INSERT INTO "Basket" VALUES (7,'andreamiller@lee.com');
INSERT INTO "Basket" VALUES (8,'darrell34@hancock.com');
INSERT INTO "Basket" VALUES (9,'christopherkim@robbins-wang.com');
INSERT INTO "Basket" VALUES (10,'allenjohn@warren.net');
INSERT INTO "Basket" VALUES (11,'lle@yahoo.com');
INSERT INTO "Basket" VALUES (12,'gainesthomas@mccormick.com');
INSERT INTO "Basket" VALUES (13,'bstokes@gmail.com');
INSERT INTO "Basket" VALUES (14,'walkerbreanna@pena.biz');
INSERT INTO "Basket" VALUES (15,'xhoffman@gmail.com');
INSERT INTO "Basket" VALUES (16,'rochajames@hotmail.com');
INSERT INTO "Basket" VALUES (17,'tanyathompson@rivera-benton.info');
INSERT INTO "Basket" VALUES (18,'hansonolivia@gmail.com');
INSERT INTO "Basket" VALUES (19,'omurphy@gmail.com');
INSERT INTO "Basket" VALUES (20,'qthompson@yahoo.com');
INSERT INTO "Basket" VALUES (21,'robert99@barber.com');
INSERT INTO "Basket" VALUES (22,'rodriguezabigail@gmail.com');
INSERT INTO "Basket" VALUES (23,'kimberlyjohnson@yahoo.com');
INSERT INTO "Basket" VALUES (24,'beverlywatts@yahoo.com');
INSERT INTO "Basket" VALUES (25,'jeffery77@gmail.com');
INSERT INTO "Basket" VALUES (26,'cookmaurice@mckay.info');
INSERT INTO "Basket" VALUES (27,'simpsonedward@davis.net');
INSERT INTO "Basket" VALUES (28,'paul76@gmail.com');
INSERT INTO "Basket" VALUES (29,'matthewphillips@yahoo.com');
INSERT INTO "Basket" VALUES (30,'jnewman@gmail.com');
INSERT INTO "Basket" VALUES (31,'sabrina88@gmail.com');
INSERT INTO "Basket" VALUES (32,'novakwalter@gmail.com');
INSERT INTO "Basket" VALUES (33,'randy47@henson-richardson.com');
INSERT INTO "Basket" VALUES (34,'daviessamantha@hotmail.com');
INSERT INTO "Basket" VALUES (35,'andreagarza@smith.com');
INSERT INTO "Basket" VALUES (36,'timothyboyle@hotmail.com');
INSERT INTO "Basket" VALUES (37,'juliaolson@ford.com');
INSERT INTO "Basket" VALUES (38,'strongamanda@gay-flowers.com');
INSERT INTO "Basket" VALUES (39,'kendra66@yahoo.com');
INSERT INTO "Basket" VALUES (40,'richard53@gmail.com');
INSERT INTO "Basket" VALUES (41,'aprilalvarez@hotmail.com');
INSERT INTO "Basket" VALUES (42,'deborahdominguez@yahoo.com');
INSERT INTO "Basket" VALUES (43,'josemunoz@clark.com');
INSERT INTO "Basket" VALUES (44,'davistravis@webb-freeman.com');
INSERT INTO "Basket" VALUES (45,'marshallcarly@hotmail.com');
INSERT INTO "Basket" VALUES (46,'alyssa17@gmail.com');
INSERT INTO "Basket" VALUES (47,'hsmith@yahoo.com');
INSERT INTO "Basket" VALUES (48,'sgillespie@yahoo.com');
INSERT INTO "Basket" VALUES (49,'lindafuller@cohen.net');
INSERT INTO "Basket" VALUES (50,'ramirezbryan@yahoo.com');
INSERT INTO "Customer" VALUES ('Cemail_id','Cfirst_name','Cmiddle_name','Clast_name','Cbirthdate','Cphone_number','Cpassword');
INSERT INTO "Customer" VALUES ('jason57@yahoo.com','Zachary','Barbara','Watts','1971-02-14','+1-156-200-7732','&GO0P3hLXI&s');
INSERT INTO "Customer" VALUES ('lewismatthew@wade-peterson.org','Carmen',NULL,'Wall','1980-12-26','+1-900-927-3649','R0EXSan6#QLi');
INSERT INTO "Customer" VALUES ('cmorris@johnson.com','Brian','Bryan','Ruiz','1976-04-05','+1-022-042-5492','q%3^#ozF4uUL');
INSERT INTO "Customer" VALUES ('ramirezyolanda@hotmail.com','Ashley','Christine','Schroeder','2000-05-10','+1-883-165-1661','mH9)78Hj#JxI');
INSERT INTO "Customer" VALUES ('patricktracey@nichols.org','Kevin','Michele','Smith','1996-06-27','+1-023-038-0902','2ioXJF+k&mFi');
INSERT INTO "Customer" VALUES ('ewalters@gmail.com','Eric',NULL,'Yang','1971-06-05','+1-247-697-0426','!ZtA)rVo%84$');
INSERT INTO "Customer" VALUES ('andreamiller@lee.com','Michael','Michael','Johnson','1974-03-16','+1-132-574-4440','D6*V4u3Kq_9^');
INSERT INTO "Customer" VALUES ('darrell34@hancock.com','Brian','Todd','Fletcher','1980-06-08','+1-506-054-0772',')7JkBVMc$HDl');
INSERT INTO "Customer" VALUES ('christopherkim@robbins-wang.com','Patricia','Jessica','Garcia','1995-03-06','+1-502-351-4182','6H*QwfYe+2Vl');
INSERT INTO "Customer" VALUES ('allenjohn@warren.net','Catherine','Darrell','Martinez','2002-02-13','+1-525-989-2675','ez&F2KZdgxaJ');
INSERT INTO "Customer" VALUES ('lle@yahoo.com','William',NULL,'Simmons','1979-11-21','+1-925-898-1773','+PWRx9Va2BLl');
INSERT INTO "Customer" VALUES ('gainesthomas@mccormick.com','Mary',NULL,'Colon','1996-06-07','+1-399-093-2890','Fiz6^#Ru3#Rb');
INSERT INTO "Customer" VALUES ('bstokes@gmail.com','Jennifer',NULL,'Young','1970-04-17','+1-842-431-1866','i8(ADOp(#4+i');
INSERT INTO "Customer" VALUES ('walkerbreanna@pena.biz','Mary','Joseph','Santos','2001-04-26','+1-065-711-7505','A63rMghf%rSF');
INSERT INTO "Customer" VALUES ('xhoffman@gmail.com','Eric',NULL,'Harmon','1985-04-06','+1-510-140-9498','q6W%U#vCroOG');
INSERT INTO "Customer" VALUES ('rochajames@hotmail.com','Jason',NULL,'Brooks','1976-12-22','+1-151-618-0658','(_qdWxxW2770');
INSERT INTO "Customer" VALUES ('tanyathompson@rivera-benton.info','Joshua','Angela','Bass','2004-04-01','+1-107-490-5868','_cw59wJ&M3)L');
INSERT INTO "Customer" VALUES ('hansonolivia@gmail.com','James',NULL,'Newman','1974-08-02','+1-337-237-6043','@+JvZmoooN0o');
INSERT INTO "Customer" VALUES ('omurphy@gmail.com','Traci','Calvin','Gonzalez','1987-01-16','+1-027-412-0870','P8*M!Zg*#X7j');
INSERT INTO "Customer" VALUES ('qthompson@yahoo.com','Amy','Jacob','Carter','1986-02-07','+1-781-802-0717','go1gv7iPZ#dW');
INSERT INTO "Customer" VALUES ('robert99@barber.com','Jennifer',NULL,'Rocha','1997-01-30','+1-255-779-6787','U#5A#FLwwF#P');
INSERT INTO "Customer" VALUES ('rodriguezabigail@gmail.com','Lauren',NULL,'Sanders','1971-12-13','+1-805-603-9607','*ERQVVjV5HH3');
INSERT INTO "Customer" VALUES ('kimberlyjohnson@yahoo.com','Joseph',NULL,'Wagner','1994-01-20','+1-204-708-9882','3bCy@htu(1F7');
INSERT INTO "Customer" VALUES ('beverlywatts@yahoo.com','Paul','Tara','Spears','1986-12-24','+1-380-614-1216','t&62Q4r0KAAO');
INSERT INTO "Customer" VALUES ('jeffery77@gmail.com','Anna','Walter','Murphy','1994-10-06','+1-875-936-8314','HK$a#HpfNvb6');
INSERT INTO "Customer" VALUES ('cookmaurice@mckay.info','Christopher',NULL,'Wilson','1998-03-14','+1-937-409-6930','so4hHYhj3&^R');
INSERT INTO "Customer" VALUES ('simpsonedward@davis.net','Shane',NULL,'Smith','1995-11-25','+1-818-561-6751','c7oGT5np#jr3');
INSERT INTO "Customer" VALUES ('paul76@gmail.com','Miranda','Katherine','Tran','2001-08-09','+1-078-465-6499','HS1PpFbV_C9X');
INSERT INTO "Customer" VALUES ('matthewphillips@yahoo.com','Zachary','Robert','Hoffman','1972-01-21','+1-810-209-1158','%&7qGfjFyD%C');
INSERT INTO "Customer" VALUES ('jnewman@gmail.com','Jennifer','Pamela','Rodriguez','2004-09-04','+1-945-878-9869','h&+*)gj%#7AJ');
INSERT INTO "Customer" VALUES ('sabrina88@gmail.com','Antonio',NULL,'Sanchez','1973-07-31','+1-444-849-3117','&3uTEE)(YHQ8');
INSERT INTO "Customer" VALUES ('novakwalter@gmail.com','Jennifer','Jessica','Tucker','1974-07-13','+1-014-750-1442','L2&+ByYhQJx0');
INSERT INTO "Customer" VALUES ('randy47@henson-richardson.com','Matthew',NULL,'Ayers','1982-06-21','+1-950-071-4492','KR1GiuP&Wy_J');
INSERT INTO "Customer" VALUES ('daviessamantha@hotmail.com','Michelle',NULL,'Miller','1998-07-08','+1-158-351-8906','#hLAD_Mn5P^k');
INSERT INTO "Customer" VALUES ('andreagarza@smith.com','Carolyn',NULL,'Lambert','1977-04-18','+1-951-296-0365','iPB!fDn##r7*');
INSERT INTO "Customer" VALUES ('timothyboyle@hotmail.com','John',NULL,'Solis','1985-12-08','+1-748-211-2254','%0x^hZ#tdhAk');
INSERT INTO "Customer" VALUES ('juliaolson@ford.com','Shawn','Brittany','Bailey','2000-01-24','+1-820-654-8238','h#A5Y3EfHaRd');
INSERT INTO "Customer" VALUES ('strongamanda@gay-flowers.com','Ronald',NULL,'Fowler','2001-06-25','+1-741-460-5981',')3WfCXy@eFUN');
INSERT INTO "Customer" VALUES ('kendra66@yahoo.com','Cynthia','Jennifer','Bradley','1997-04-29','+1-533-681-0815','O5I9v2m&$t1o');
INSERT INTO "Customer" VALUES ('richard53@gmail.com','Julie','Isaac','Shields','1993-12-17','+1-331-654-5985','Ap9v5Dyg@3$0');
INSERT INTO "Customer" VALUES ('aprilalvarez@hotmail.com','Jeffery','Laura','Fuller','1977-05-01','+1-415-801-3727','lbjDJ*Df8_7A');
INSERT INTO "Customer" VALUES ('deborahdominguez@yahoo.com','Cassandra',NULL,'Guzman','1987-01-08','+1-826-669-9522','@$8Wt8heV8cB');
INSERT INTO "Customer" VALUES ('josemunoz@clark.com','Angela',NULL,'Harris','1998-09-16','+1-263-902-9904','m_EJATl7tDz6');
INSERT INTO "Customer" VALUES ('davistravis@webb-freeman.com','Nicole','Thomas','Taylor','2000-09-16','+1-654-382-8087','@K7HrC6oO5MH');
INSERT INTO "Customer" VALUES ('marshallcarly@hotmail.com','Molly',NULL,'Martin','2004-06-19','+1-948-436-2653','j_vBdUv(Xq3A');
INSERT INTO "Customer" VALUES ('alyssa17@gmail.com','Kenneth','Darren','Gutierrez','1980-04-10','+1-480-181-9990','cgy8hJKf+u@c');
INSERT INTO "Customer" VALUES ('hsmith@yahoo.com','Luke','Darrell','Moore','1984-02-25','+1-231-872-5316','K9VHxOAW+mMU');
INSERT INTO "Customer" VALUES ('sgillespie@yahoo.com','Michael',NULL,'Lewis','1982-01-04','+1-722-921-0925','o0Taj8Agc%7R');
INSERT INTO "Customer" VALUES ('lindafuller@cohen.net','Robert','Laura','Andersen','1979-06-19','+1-836-187-0244','5t+$aUpp684B');
INSERT INTO "Customer" VALUES ('ramirezbryan@yahoo.com','Diane',NULL,'Valdez','1979-07-16','+1-985-020-4317','&o7RaOag^Udx');
INSERT INTO "Delivery" VALUES (1,'2024-04-11','Delivered',3);
INSERT INTO "Delivery" VALUES (2,'2024-03-14','Delivered',22);
INSERT INTO "Delivery" VALUES (3,'2024-05-25','Delivered',33);
INSERT INTO "Delivery" VALUES (4,'2024-01-31','Delivered',27);
INSERT INTO "Delivery" VALUES (5,'2024-02-21','Pending',33);
INSERT INTO "Delivery" VALUES (6,'2024-05-07','Pending',31);
INSERT INTO "Delivery" VALUES (7,'2024-05-12','Pending',28);
INSERT INTO "Delivery" VALUES (8,'2024-05-02','Pending',37);
INSERT INTO "Delivery" VALUES (9,'2024-02-28','Pending',34);
INSERT INTO "Delivery" VALUES (14,'2024-02-17','Pending',44);
INSERT INTO "Delivery" VALUES (15,'2024-03-02','Delivered',39);
INSERT INTO "Delivery" VALUES (16,'2024-04-22','Cancelled',43);
INSERT INTO "Delivery" VALUES (17,'2024-04-23','Cancelled',52);
INSERT INTO "Delivery" VALUES (18,'2024-01-11','Cancelled',61);
INSERT INTO "Delivery" VALUES (19,'2024-02-18','Pending',59);
INSERT INTO "Delivery" VALUES (20,'2024-03-22','Pending',60);
INSERT INTO "Delivery" VALUES (21,'2024-01-04','Pending',64);
INSERT INTO "Delivery" VALUES (22,'2024-03-05','Pending',63);
INSERT INTO "Delivery" VALUES (23,'2024-04-28','Pending',63);
INSERT INTO "Delivery" VALUES (24,'2024-01-15','Delivered',64);
INSERT INTO "Delivery" VALUES (25,'2024-02-09','Delivered',82);
INSERT INTO "Delivery" VALUES (26,'2024-02-27','Pending',79);
INSERT INTO "Delivery" VALUES (27,'2024-02-19','Delivered',88);
INSERT INTO "Delivery" VALUES (28,'2024-04-22','Pending',88);
INSERT INTO "Delivery" VALUES (29,'2024-04-22','Pending',89);
INSERT INTO "Delivery" VALUES (30,'2024-03-03','Cancelled',89);
INSERT INTO "Delivery" VALUES (31,'2024-03-14','Cancelled',87);
INSERT INTO "Delivery" VALUES (32,'2024-02-06','Cancelled',93);
INSERT INTO "Delivery" VALUES (33,'2024-01-15','Pending',96);
INSERT INTO "Delivery" VALUES (34,'2024-04-14','Cancelled',92);
INSERT INTO "Delivery" VALUES (35,'2024-02-13','Cancelled',91);
INSERT INTO "Delivery" VALUES (36,'2024-04-04','Pending',96);
INSERT INTO "Delivery" VALUES (38,'2024-01-27','Cancelled',109);
INSERT INTO "Delivery" VALUES (39,'2024-01-02','Delivered',109);
INSERT INTO "Delivery" VALUES (40,'2024-05-24','Pending',112);
INSERT INTO "Delivery" VALUES (41,'2024-04-09','Cancelled',154);
INSERT INTO "Delivery" VALUES (42,'2024-02-27','Cancelled',148);
INSERT INTO "Delivery" VALUES (43,'2024-05-24','Cancelled',148);
INSERT INTO "Delivery" VALUES (44,'2024-01-06','Cancelled',148);
INSERT INTO "Delivery" VALUES (45,'2024-05-26','Cancelled',163);
INSERT INTO "Delivery" VALUES (46,'2024-03-13','Cancelled',162);
INSERT INTO "Delivery" VALUES (47,'2024-04-09','Delivered',165);
INSERT INTO "Delivery" VALUES (48,'2024-05-05','Cancelled',159);
INSERT INTO "Delivery" VALUES (49,'2024-03-29','Cancelled',168);
INSERT INTO "Delivery" VALUES (50,'2024-05-02','Pending',169);
INSERT INTO "Delivery" VALUES (51,'2024-05-17','Delivered',169);
INSERT INTO "Delivery" VALUES (52,'2024-02-06','Delivered',178);
INSERT INTO "Delivery" VALUES (53,'2024-02-14','Delivered',182);
INSERT INTO "Delivery" VALUES (54,'2024-02-11','Delivered',179);
INSERT INTO "Delivery" VALUES (55,'2024-04-20','Delivered',184);
INSERT INTO "Delivery" VALUES (56,'2024-01-11','Delivered',186);
INSERT INTO "Delivery" VALUES (57,'2024-05-18','Pending',190);
INSERT INTO "Delivery" VALUES (58,'2024-02-02','Cancelled',190);
INSERT INTO "Delivery" VALUES (59,'2024-02-23','Delivered',192);
INSERT INTO "Delivery" VALUES (60,'2024-04-16','Delivered',192);
INSERT INTO "Delivery" VALUES (61,'2024-04-23','Delivered',192);
INSERT INTO "Delivery" VALUES (62,'2024-04-03','Delivered',200);
INSERT INTO "Delivery" VALUES (63,'2024-04-12','Pending',198);
INSERT INTO "Delivery" VALUES (64,'2024-02-22','Pending',210);
INSERT INTO "Delivery" VALUES (65,'2024-02-18','Cancelled',205);
INSERT INTO "Delivery" VALUES (66,'2024-04-03','Delivered',205);
INSERT INTO "Delivery" VALUES (67,'2024-04-14','Delivered',210);
INSERT INTO "Delivery" VALUES (68,'2024-02-24','Delivered',206);
INSERT INTO "Delivery" VALUES (69,'2024-04-30','Pending',212);
INSERT INTO "Delivery" VALUES (70,'2024-03-17','Cancelled',225);
INSERT INTO "Delivery" VALUES (71,'2024-01-14','Pending',224);
INSERT INTO "Delivery" VALUES (72,'2024-03-27','Cancelled',221);
INSERT INTO "Delivery" VALUES (73,'2024-04-08','Cancelled',227);
INSERT INTO "Delivery" VALUES (74,'2024-02-16','Delivered',229);
INSERT INTO "Delivery" VALUES (75,'2024-02-22','Delivered',230);
INSERT INTO "Delivery" VALUES (76,'2024-03-10','Cancelled',230);
INSERT INTO "Delivery" VALUES (77,'2024-04-12','Cancelled',230);
INSERT INTO "Delivery" VALUES (78,'2024-02-08','Delivered',230);
INSERT INTO "Delivery" VALUES (79,'2024-04-29','Pending',237);
INSERT INTO "Delivery" VALUES (80,'2024-05-04','Delivered',234);
INSERT INTO "Delivery" VALUES (81,'2024-01-25','Pending',242);
INSERT INTO "Delivery" VALUES (82,'2024-01-06','Pending',242);
INSERT INTO "Delivery" VALUES (83,'2024-03-25','Pending',242);
INSERT INTO "Delivery" VALUES (84,'2024-04-01','Pending',244);
INSERT INTO "Delivery" VALUES (85,'2024-02-24','Delivered',243);
INSERT INTO "Delivery" VALUES (86,'2024-04-02','Cancelled',246);
INSERT INTO "Delivery" VALUES (87,'2024-05-29','Delivered',248);
INSERT INTO "Delivery" VALUES (88,'2024-03-27','Cancelled',249);
INSERT INTO "Delivery" VALUES (89,'2024-03-15','Delivered',247);
INSERT INTO "Orders" VALUES (1,'2023-09-25',NULL,'jason57@yahoo.com',2,1);
INSERT INTO "Orders" VALUES (2,'2023-11-21',NULL,'ramirezyolanda@hotmail.com',13,2);
INSERT INTO "Orders" VALUES (3,'2023-02-27',22.13,'andreamiller@lee.com',19,3);
INSERT INTO "Orders" VALUES (4,'2023-05-09',30.07,'andreamiller@lee.com',18,4);
INSERT INTO "Orders" VALUES (5,'2023-05-16',12.45,'andreamiller@lee.com',19,5);
INSERT INTO "Orders" VALUES (6,'2023-04-04',NULL,'andreamiller@lee.com',18,6);
INSERT INTO "Orders" VALUES (7,'2023-12-11',NULL,'andreamiller@lee.com',19,7);
INSERT INTO "Orders" VALUES (8,'2023-09-14',NULL,'darrell34@hancock.com',23,8);
INSERT INTO "Orders" VALUES (9,'2023-04-09',39.29,'darrell34@hancock.com',22,9);
INSERT INTO "Orders" VALUES (10,'2023-05-18',NULL,'christopherkim@robbins-wang.com',26,NULL);
INSERT INTO "Orders" VALUES (11,'2023-06-11',NULL,'christopherkim@robbins-wang.com',26,NULL);
INSERT INTO "Orders" VALUES (12,'2023-11-27',48.75,'christopherkim@robbins-wang.com',26,NULL);
INSERT INTO "Orders" VALUES (13,'2023-05-31',1.18,'christopherkim@robbins-wang.com',26,NULL);
INSERT INTO "Orders" VALUES (14,'2023-02-08',NULL,'allenjohn@warren.net',27,14);
INSERT INTO "Orders" VALUES (15,'2023-12-19',35.32,'allenjohn@warren.net',27,15);
INSERT INTO "Orders" VALUES (16,'2023-02-21',NULL,'allenjohn@warren.net',27,16);
INSERT INTO "Orders" VALUES (17,'2023-07-31',43.7,'gainesthomas@mccormick.com',30,17);
INSERT INTO "Orders" VALUES (18,'2023-12-20',NULL,'bstokes@gmail.com',31,18);
INSERT INTO "Orders" VALUES (19,'2023-07-04',22.29,'bstokes@gmail.com',31,19);
INSERT INTO "Orders" VALUES (20,'2023-07-05',NULL,'bstokes@gmail.com',31,20);
INSERT INTO "Orders" VALUES (21,'2023-09-07',41.58,'walkerbreanna@pena.biz',35,21);
INSERT INTO "Orders" VALUES (22,'2023-10-17',NULL,'walkerbreanna@pena.biz',32,22);
INSERT INTO "Orders" VALUES (23,'2023-05-25',31.72,'walkerbreanna@pena.biz',35,23);
INSERT INTO "Orders" VALUES (24,'2023-09-30',NULL,'walkerbreanna@pena.biz',32,24);
INSERT INTO "Orders" VALUES (25,'2023-02-07',NULL,'hansonolivia@gmail.com',44,25);
INSERT INTO "Orders" VALUES (26,'2023-11-16',0.94,'hansonolivia@gmail.com',42,26);
INSERT INTO "Orders" VALUES (27,'2023-09-30',NULL,'omurphy@gmail.com',49,27);
INSERT INTO "Orders" VALUES (28,'2023-04-07',10.31,'omurphy@gmail.com',48,28);
INSERT INTO "Orders" VALUES (29,'2023-03-07',47.73,'omurphy@gmail.com',47,29);
INSERT INTO "Orders" VALUES (30,'2023-08-06',11.65,'omurphy@gmail.com',48,30);
INSERT INTO "Orders" VALUES (31,'2023-03-05',18.76,'omurphy@gmail.com',50,31);
INSERT INTO "Orders" VALUES (32,'2023-02-17',25.34,'robert99@barber.com',52,32);
INSERT INTO "Orders" VALUES (33,'2023-06-12',NULL,'robert99@barber.com',54,33);
INSERT INTO "Orders" VALUES (34,'2023-09-18',NULL,'robert99@barber.com',54,34);
INSERT INTO "Orders" VALUES (35,'2023-02-03',NULL,'robert99@barber.com',54,35);
INSERT INTO "Orders" VALUES (36,'2023-01-09',13.74,'robert99@barber.com',55,36);
INSERT INTO "Orders" VALUES (37,'2023-11-02',43.32,'beverlywatts@yahoo.com',59,NULL);
INSERT INTO "Orders" VALUES (38,'2023-07-06',5.47,'cookmaurice@mckay.info',64,38);
INSERT INTO "Orders" VALUES (39,'2023-11-17',NULL,'cookmaurice@mckay.info',66,39);
INSERT INTO "Orders" VALUES (40,'2023-03-15',2.32,'simpsonedward@davis.net',70,40);
INSERT INTO "Orders" VALUES (41,'2023-10-02',NULL,'novakwalter@gmail.com',81,41);
INSERT INTO "Orders" VALUES (42,'2023-11-11',4.82,'novakwalter@gmail.com',81,42);
INSERT INTO "Orders" VALUES (43,'2023-12-04',NULL,'novakwalter@gmail.com',80,43);
INSERT INTO "Orders" VALUES (44,'2023-11-11',NULL,'novakwalter@gmail.com',81,44);
INSERT INTO "Orders" VALUES (45,'2023-03-09',NULL,'daviessamantha@hotmail.com',85,45);
INSERT INTO "Orders" VALUES (46,'2023-11-20',NULL,'daviessamantha@hotmail.com',85,46);
INSERT INTO "Orders" VALUES (47,'2023-05-02',NULL,'daviessamantha@hotmail.com',84,47);
INSERT INTO "Orders" VALUES (48,'2023-08-20',22.66,'daviessamantha@hotmail.com',85,48);
INSERT INTO "Orders" VALUES (49,'2023-04-06',NULL,'andreagarza@smith.com',88,49);
INSERT INTO "Orders" VALUES (50,'2023-02-02',21.33,'andreagarza@smith.com',88,50);
INSERT INTO "Orders" VALUES (51,'2023-04-27',41.5,'andreagarza@smith.com',86,51);
INSERT INTO "Orders" VALUES (52,'2023-08-12',46.98,'juliaolson@ford.com',93,52);
INSERT INTO "Orders" VALUES (53,'2023-09-27',7.59,'juliaolson@ford.com',93,53);
INSERT INTO "Orders" VALUES (54,'2023-02-21',31.75,'juliaolson@ford.com',92,54);
INSERT INTO "Orders" VALUES (55,'2023-08-28',NULL,'kendra66@yahoo.com',98,55);
INSERT INTO "Orders" VALUES (56,'2023-04-17',30.66,'kendra66@yahoo.com',98,56);
INSERT INTO "Orders" VALUES (57,'2023-03-15',NULL,'kendra66@yahoo.com',97,57);
INSERT INTO "Orders" VALUES (58,'2023-08-03',NULL,'kendra66@yahoo.com',99,58);
INSERT INTO "Orders" VALUES (59,'2023-07-25',NULL,'richard53@gmail.com',101,59);
INSERT INTO "Orders" VALUES (60,'2023-09-24',NULL,'richard53@gmail.com',100,60);
INSERT INTO "Orders" VALUES (61,'2023-04-29',14.94,'richard53@gmail.com',103,61);
INSERT INTO "Orders" VALUES (62,'2023-06-24',47.47,'aprilalvarez@hotmail.com',104,62);
INSERT INTO "Orders" VALUES (63,'2023-11-17',NULL,'aprilalvarez@hotmail.com',104,63);
INSERT INTO "Orders" VALUES (64,'2023-05-04',33.25,'deborahdominguez@yahoo.com',110,64);
INSERT INTO "Orders" VALUES (65,'2023-05-09',16.44,'deborahdominguez@yahoo.com',110,65);
INSERT INTO "Orders" VALUES (66,'2023-10-27',NULL,'deborahdominguez@yahoo.com',109,66);
INSERT INTO "Orders" VALUES (67,'2023-11-07',46.26,'deborahdominguez@yahoo.com',111,67);
INSERT INTO "Orders" VALUES (68,'2023-05-03',NULL,'deborahdominguez@yahoo.com',108,68);
INSERT INTO "Orders" VALUES (69,'2023-11-18',21.59,'josemunoz@clark.com',115,69);
INSERT INTO "Orders" VALUES (70,'2023-05-30',40.09,'marshallcarly@hotmail.com',121,70);
INSERT INTO "Orders" VALUES (71,'2023-06-16',NULL,'marshallcarly@hotmail.com',121,71);
INSERT INTO "Orders" VALUES (72,'2023-07-25',39.05,'marshallcarly@hotmail.com',123,72);
INSERT INTO "Orders" VALUES (73,'2023-06-06',NULL,'alyssa17@gmail.com',128,73);
INSERT INTO "Orders" VALUES (74,'2023-11-15',NULL,'alyssa17@gmail.com',128,74);
INSERT INTO "Orders" VALUES (75,'2023-06-22',44.79,'hsmith@yahoo.com',131,75);
INSERT INTO "Orders" VALUES (76,'2023-10-25',NULL,'hsmith@yahoo.com',130,76);
INSERT INTO "Orders" VALUES (77,'2023-04-12',NULL,'hsmith@yahoo.com',130,77);
INSERT INTO "Orders" VALUES (78,'2023-02-23',36.81,'hsmith@yahoo.com',131,78);
INSERT INTO "Orders" VALUES (79,'2023-12-08',1.32,'sgillespie@yahoo.com',132,79);
INSERT INTO "Orders" VALUES (80,'2023-11-28',7.27,'sgillespie@yahoo.com',133,80);
INSERT INTO "Orders" VALUES (81,'2023-07-31',NULL,'lindafuller@cohen.net',134,81);
INSERT INTO "Orders" VALUES (82,'2023-07-09',NULL,'lindafuller@cohen.net',135,82);
INSERT INTO "Orders" VALUES (83,'2023-06-14',49.31,'lindafuller@cohen.net',134,83);
INSERT INTO "Orders" VALUES (84,'2023-10-02',NULL,'lindafuller@cohen.net',135,84);
INSERT INTO "Orders" VALUES (85,'2023-08-24',24.86,'lindafuller@cohen.net',134,85);
INSERT INTO "Orders" VALUES (86,'2023-02-02',3.27,'ramirezbryan@yahoo.com',137,86);
INSERT INTO "Orders" VALUES (87,'2023-08-09',47.14,'ramirezbryan@yahoo.com',139,87);
INSERT INTO "Orders" VALUES (88,'2023-04-30',43.8,'ramirezbryan@yahoo.com',138,88);
INSERT INTO "Orders" VALUES (89,'2023-10-28',NULL,'ramirezbryan@yahoo.com',138,89);
INSERT INTO "Payment_methods" VALUES ('N',1,'jason57@yahoo.com');
INSERT INTO "Payment_methods" VALUES ('Y',2,'jason57@yahoo.com');
INSERT INTO "Payment_methods" VALUES ('N',3,'jason57@yahoo.com');
INSERT INTO "Payment_methods" VALUES ('N',4,'jason57@yahoo.com');
INSERT INTO "Payment_methods" VALUES ('N',5,'lewismatthew@wade-peterson.org');
INSERT INTO "Payment_methods" VALUES ('N',6,'lewismatthew@wade-peterson.org');
INSERT INTO "Payment_methods" VALUES ('N',7,'lewismatthew@wade-peterson.org');
INSERT INTO "Payment_methods" VALUES ('Y',8,'lewismatthew@wade-peterson.org');
INSERT INTO "Payment_methods" VALUES ('N',9,'cmorris@johnson.com');
INSERT INTO "Payment_methods" VALUES ('N',10,'cmorris@johnson.com');
INSERT INTO "Payment_methods" VALUES ('Y',11,'cmorris@johnson.com');
INSERT INTO "Payment_methods" VALUES ('N',12,'cmorris@johnson.com');
INSERT INTO "Payment_methods" VALUES ('Y',13,'ramirezyolanda@hotmail.com');
INSERT INTO "Payment_methods" VALUES ('Y',14,'patricktracey@nichols.org');
INSERT INTO "Payment_methods" VALUES ('Y',15,'ewalters@gmail.com');
INSERT INTO "Payment_methods" VALUES ('N',16,'ewalters@gmail.com');
INSERT INTO "Payment_methods" VALUES ('N',17,'ewalters@gmail.com');
INSERT INTO "Payment_methods" VALUES ('N',18,'andreamiller@lee.com');
INSERT INTO "Payment_methods" VALUES ('N',19,'andreamiller@lee.com');
INSERT INTO "Payment_methods" VALUES ('Y',20,'andreamiller@lee.com');
INSERT INTO "Payment_methods" VALUES ('Y',21,'darrell34@hancock.com');
INSERT INTO "Payment_methods" VALUES ('N',22,'darrell34@hancock.com');
INSERT INTO "Payment_methods" VALUES ('N',23,'darrell34@hancock.com');
INSERT INTO "Payment_methods" VALUES ('N',24,'darrell34@hancock.com');
INSERT INTO "Payment_methods" VALUES ('N',25,'christopherkim@robbins-wang.com');
INSERT INTO "Payment_methods" VALUES ('Y',26,'christopherkim@robbins-wang.com');
INSERT INTO "Payment_methods" VALUES ('Y',27,'allenjohn@warren.net');
INSERT INTO "Payment_methods" VALUES ('Y',28,'lle@yahoo.com');
INSERT INTO "Payment_methods" VALUES ('N',29,'lle@yahoo.com');
INSERT INTO "Payment_methods" VALUES ('Y',30,'gainesthomas@mccormick.com');
INSERT INTO "Payment_methods" VALUES ('Y',31,'bstokes@gmail.com');
INSERT INTO "Payment_methods" VALUES ('N',32,'walkerbreanna@pena.biz');
INSERT INTO "Payment_methods" VALUES ('Y',33,'walkerbreanna@pena.biz');
INSERT INTO "Payment_methods" VALUES ('N',34,'walkerbreanna@pena.biz');
INSERT INTO "Payment_methods" VALUES ('N',35,'walkerbreanna@pena.biz');
INSERT INTO "Payment_methods" VALUES ('Y',36,'xhoffman@gmail.com');
INSERT INTO "Payment_methods" VALUES ('Y',37,'rochajames@hotmail.com');
INSERT INTO "Payment_methods" VALUES ('Y',38,'tanyathompson@rivera-benton.info');
INSERT INTO "Payment_methods" VALUES ('N',39,'tanyathompson@rivera-benton.info');
INSERT INTO "Payment_methods" VALUES ('N',40,'tanyathompson@rivera-benton.info');
INSERT INTO "Payment_methods" VALUES ('N',41,'tanyathompson@rivera-benton.info');
INSERT INTO "Payment_methods" VALUES ('N',42,'hansonolivia@gmail.com');
INSERT INTO "Payment_methods" VALUES ('N',43,'hansonolivia@gmail.com');
INSERT INTO "Payment_methods" VALUES ('N',44,'hansonolivia@gmail.com');
INSERT INTO "Payment_methods" VALUES ('Y',45,'hansonolivia@gmail.com');
INSERT INTO "Payment_methods" VALUES ('N',46,'hansonolivia@gmail.com');
INSERT INTO "Payment_methods" VALUES ('N',47,'omurphy@gmail.com');
INSERT INTO "Payment_methods" VALUES ('N',48,'omurphy@gmail.com');
INSERT INTO "Payment_methods" VALUES ('N',49,'omurphy@gmail.com');
INSERT INTO "Payment_methods" VALUES ('Y',50,'omurphy@gmail.com');
INSERT INTO "Payment_methods" VALUES ('Y',51,'qthompson@yahoo.com');
INSERT INTO "Payment_methods" VALUES ('N',52,'robert99@barber.com');
INSERT INTO "Payment_methods" VALUES ('N',53,'robert99@barber.com');
INSERT INTO "Payment_methods" VALUES ('N',54,'robert99@barber.com');
INSERT INTO "Payment_methods" VALUES ('Y',55,'robert99@barber.com');
INSERT INTO "Payment_methods" VALUES ('N',56,'rodriguezabigail@gmail.com');
INSERT INTO "Payment_methods" VALUES ('Y',57,'rodriguezabigail@gmail.com');
INSERT INTO "Payment_methods" VALUES ('Y',58,'kimberlyjohnson@yahoo.com');
INSERT INTO "Payment_methods" VALUES ('Y',59,'beverlywatts@yahoo.com');
INSERT INTO "Payment_methods" VALUES ('N',60,'beverlywatts@yahoo.com');
INSERT INTO "Payment_methods" VALUES ('N',61,'beverlywatts@yahoo.com');
INSERT INTO "Payment_methods" VALUES ('Y',62,'jeffery77@gmail.com');
INSERT INTO "Payment_methods" VALUES ('N',63,'cookmaurice@mckay.info');
INSERT INTO "Payment_methods" VALUES ('N',64,'cookmaurice@mckay.info');
INSERT INTO "Payment_methods" VALUES ('Y',65,'cookmaurice@mckay.info');
INSERT INTO "Payment_methods" VALUES ('N',66,'cookmaurice@mckay.info');
INSERT INTO "Payment_methods" VALUES ('N',67,'cookmaurice@mckay.info');
INSERT INTO "Payment_methods" VALUES ('N',68,'simpsonedward@davis.net');
INSERT INTO "Payment_methods" VALUES ('Y',69,'simpsonedward@davis.net');
INSERT INTO "Payment_methods" VALUES ('N',70,'simpsonedward@davis.net');
INSERT INTO "Payment_methods" VALUES ('N',71,'paul76@gmail.com');
INSERT INTO "Payment_methods" VALUES ('Y',72,'paul76@gmail.com');
INSERT INTO "Payment_methods" VALUES ('N',73,'matthewphillips@yahoo.com');
INSERT INTO "Payment_methods" VALUES ('N',74,'matthewphillips@yahoo.com');
INSERT INTO "Payment_methods" VALUES ('Y',75,'matthewphillips@yahoo.com');
INSERT INTO "Payment_methods" VALUES ('Y',76,'jnewman@gmail.com');
INSERT INTO "Payment_methods" VALUES ('N',77,'jnewman@gmail.com');
INSERT INTO "Payment_methods" VALUES ('N',78,'sabrina88@gmail.com');
INSERT INTO "Payment_methods" VALUES ('Y',79,'sabrina88@gmail.com');
INSERT INTO "Payment_methods" VALUES ('N',80,'novakwalter@gmail.com');
INSERT INTO "Payment_methods" VALUES ('Y',81,'novakwalter@gmail.com');
INSERT INTO "Payment_methods" VALUES ('Y',82,'randy47@henson-richardson.com');
INSERT INTO "Payment_methods" VALUES ('N',83,'randy47@henson-richardson.com');
INSERT INTO "Payment_methods" VALUES ('N',84,'daviessamantha@hotmail.com');
INSERT INTO "Payment_methods" VALUES ('Y',85,'daviessamantha@hotmail.com');
INSERT INTO "Payment_methods" VALUES ('Y',86,'andreagarza@smith.com');
INSERT INTO "Payment_methods" VALUES ('N',87,'andreagarza@smith.com');
INSERT INTO "Payment_methods" VALUES ('N',88,'andreagarza@smith.com');
INSERT INTO "Payment_methods" VALUES ('N',89,'andreagarza@smith.com');
INSERT INTO "Payment_methods" VALUES ('Y',90,'timothyboyle@hotmail.com');
INSERT INTO "Payment_methods" VALUES ('N',91,'timothyboyle@hotmail.com');
INSERT INTO "Payment_methods" VALUES ('Y',92,'juliaolson@ford.com');
INSERT INTO "Payment_methods" VALUES ('N',93,'juliaolson@ford.com');
INSERT INTO "Payment_methods" VALUES ('N',94,'strongamanda@gay-flowers.com');
INSERT INTO "Payment_methods" VALUES ('Y',95,'strongamanda@gay-flowers.com');
INSERT INTO "Payment_methods" VALUES ('N',96,'strongamanda@gay-flowers.com');
INSERT INTO "Payment_methods" VALUES ('Y',97,'kendra66@yahoo.com');
INSERT INTO "Payment_methods" VALUES ('N',98,'kendra66@yahoo.com');
INSERT INTO "Payment_methods" VALUES ('N',99,'kendra66@yahoo.com');
INSERT INTO "Payment_methods" VALUES ('N',100,'richard53@gmail.com');
INSERT INTO "Payment_methods" VALUES ('N',101,'richard53@gmail.com');
INSERT INTO "Payment_methods" VALUES ('N',102,'richard53@gmail.com');
INSERT INTO "Payment_methods" VALUES ('Y',103,'richard53@gmail.com');
INSERT INTO "Payment_methods" VALUES ('N',104,'aprilalvarez@hotmail.com');
INSERT INTO "Payment_methods" VALUES ('Y',105,'aprilalvarez@hotmail.com');
INSERT INTO "Payment_methods" VALUES ('N',106,'aprilalvarez@hotmail.com');
INSERT INTO "Payment_methods" VALUES ('N',107,'aprilalvarez@hotmail.com');
INSERT INTO "Payment_methods" VALUES ('N',108,'deborahdominguez@yahoo.com');
INSERT INTO "Payment_methods" VALUES ('N',109,'deborahdominguez@yahoo.com');
INSERT INTO "Payment_methods" VALUES ('N',110,'deborahdominguez@yahoo.com');
INSERT INTO "Payment_methods" VALUES ('Y',111,'deborahdominguez@yahoo.com');
INSERT INTO "Payment_methods" VALUES ('N',112,'josemunoz@clark.com');
INSERT INTO "Payment_methods" VALUES ('N',113,'josemunoz@clark.com');
INSERT INTO "Payment_methods" VALUES ('Y',114,'josemunoz@clark.com');
INSERT INTO "Payment_methods" VALUES ('N',115,'josemunoz@clark.com');
INSERT INTO "Payment_methods" VALUES ('N',116,'josemunoz@clark.com');
INSERT INTO "Payment_methods" VALUES ('Y',117,'davistravis@webb-freeman.com');
INSERT INTO "Payment_methods" VALUES ('N',118,'davistravis@webb-freeman.com');
INSERT INTO "Payment_methods" VALUES ('N',119,'davistravis@webb-freeman.com');
INSERT INTO "Payment_methods" VALUES ('N',120,'davistravis@webb-freeman.com');
INSERT INTO "Payment_methods" VALUES ('N',121,'marshallcarly@hotmail.com');
INSERT INTO "Payment_methods" VALUES ('N',122,'marshallcarly@hotmail.com');
INSERT INTO "Payment_methods" VALUES ('Y',123,'marshallcarly@hotmail.com');
INSERT INTO "Payment_methods" VALUES ('N',124,'marshallcarly@hotmail.com');
INSERT INTO "Payment_methods" VALUES ('N',125,'marshallcarly@hotmail.com');
INSERT INTO "Payment_methods" VALUES ('Y',126,'alyssa17@gmail.com');
INSERT INTO "Payment_methods" VALUES ('N',127,'alyssa17@gmail.com');
INSERT INTO "Payment_methods" VALUES ('N',128,'alyssa17@gmail.com');
INSERT INTO "Payment_methods" VALUES ('N',129,'alyssa17@gmail.com');
INSERT INTO "Payment_methods" VALUES ('Y',130,'hsmith@yahoo.com');
INSERT INTO "Payment_methods" VALUES ('N',131,'hsmith@yahoo.com');
INSERT INTO "Payment_methods" VALUES ('Y',132,'sgillespie@yahoo.com');
INSERT INTO "Payment_methods" VALUES ('N',133,'sgillespie@yahoo.com');
INSERT INTO "Payment_methods" VALUES ('N',134,'lindafuller@cohen.net');
INSERT INTO "Payment_methods" VALUES ('Y',135,'lindafuller@cohen.net');
INSERT INTO "Payment_methods" VALUES ('N',136,'ramirezbryan@yahoo.com');
INSERT INTO "Payment_methods" VALUES ('Y',137,'ramirezbryan@yahoo.com');
INSERT INTO "Payment_methods" VALUES ('N',138,'ramirezbryan@yahoo.com');
INSERT INTO "Payment_methods" VALUES ('N',139,'ramirezbryan@yahoo.com');
INSERT INTO "Pcredit_debit_cards" VALUES ('5686202820389538','2025-07-28','746','Joel Allen',2);
INSERT INTO "Pcredit_debit_cards" VALUES ('7516032483320247','2024-02-18','116','Julie Jones',5);
INSERT INTO "Pcredit_debit_cards" VALUES ('2194960764845673','2024-06-05','95','Destiny Garcia',6);
INSERT INTO "Pcredit_debit_cards" VALUES ('9486845339043286','2025-11-27','4667','Maureen Murphy',7);
INSERT INTO "Pcredit_debit_cards" VALUES ('1955222653103996','2025-11-29','742','Nicholas Costa',10);
INSERT INTO "Pcredit_debit_cards" VALUES ('3831547886071955','2025-04-09','513','Joan Gonzalez',12);
INSERT INTO "Pcredit_debit_cards" VALUES ('6953476205048081','2025-07-06','40','Rhonda Travis',15);
INSERT INTO "Pcredit_debit_cards" VALUES ('1194581394017983','2025-09-05','551','Michele Wolf',16);
INSERT INTO "Pcredit_debit_cards" VALUES ('2903096015590086','2024-02-29','569','Emma Lopez',18);
INSERT INTO "Pcredit_debit_cards" VALUES ('8714750133057747','2025-08-03','724','Joshua Chavez',19);
INSERT INTO "Pcredit_debit_cards" VALUES ('1022911312634669','2024-03-28','38','Mason Hurley',20);
INSERT INTO "Pcredit_debit_cards" VALUES ('8917425601100152','2025-06-29','740','Roger Welch',21);
INSERT INTO "Pcredit_debit_cards" VALUES ('9939838463773812','2024-05-11','548','Jill Wagner',22);
INSERT INTO "Pcredit_debit_cards" VALUES ('2166793708751356','2024-03-13','671','Corey Foster',28);
INSERT INTO "Pcredit_debit_cards" VALUES ('9541357031636276','2024-08-22','805','Catherine Terrell',29);
INSERT INTO "Pcredit_debit_cards" VALUES ('2994516752027088','2024-12-04','802','Matthew Lee',30);
INSERT INTO "Pcredit_debit_cards" VALUES ('4403106200123004','2024-10-12','931','Jennifer Dougherty',31);
INSERT INTO "Pcredit_debit_cards" VALUES ('7589851014726253','2025-07-06','87','Jill Herrera',32);
INSERT INTO "Pcredit_debit_cards" VALUES ('1781712872178797','2025-08-07','186','Michael Clark',33);
INSERT INTO "Pcredit_debit_cards" VALUES ('1245651423163025','2024-04-06','870','Tyler Norman',35);
INSERT INTO "Pcredit_debit_cards" VALUES ('9790034602228245','2024-03-03','868','Robert Turner',37);
INSERT INTO "Pcredit_debit_cards" VALUES ('5407210112057762','2024-03-18','127','Corey Garcia',40);
INSERT INTO "Pcredit_debit_cards" VALUES ('2067256828962592','2024-04-05','333','Ryan Dawson',42);
INSERT INTO "Pcredit_debit_cards" VALUES ('6539849441950225','2024-06-19','700','Justin Russell',43);
INSERT INTO "Pcredit_debit_cards" VALUES ('7467960106472861','2024-06-17','703','Mary Vasquez',45);
INSERT INTO "Pcredit_debit_cards" VALUES ('5920361586323463','2025-08-16','517','Austin Anderson',49);
INSERT INTO "Pcredit_debit_cards" VALUES ('8590924232883133','2024-11-17','835','Kathy Watson',50);
INSERT INTO "Pcredit_debit_cards" VALUES ('9963522949023915','2025-08-21','427','Peter Koch',51);
INSERT INTO "Pcredit_debit_cards" VALUES ('3945718372714764','2024-02-28','424','Eric Wong',52);
INSERT INTO "Pcredit_debit_cards" VALUES ('7322321090551347','2024-07-09','298','Jennifer Moore',53);
INSERT INTO "Pcredit_debit_cards" VALUES ('3360976652404359','2025-09-01','836','Courtney Smith',54);
INSERT INTO "Pcredit_debit_cards" VALUES ('3460872198546652','2025-11-22','815','Tanya Cervantes',55);
INSERT INTO "Pcredit_debit_cards" VALUES ('7828644582665455','2025-09-26','276','James Hansen',57);
INSERT INTO "Pcredit_debit_cards" VALUES ('6788345008570802','2025-11-16','146','Michael Martin',59);
INSERT INTO "Pcredit_debit_cards" VALUES ('7573420425910352','2025-04-14','564','Craig Coleman',62);
INSERT INTO "Pcredit_debit_cards" VALUES ('9483380515271943','2024-03-16','256','Travis Huffman',63);
INSERT INTO "Pcredit_debit_cards" VALUES ('7160014223643557','2025-06-02','462','Lisa Hopkins',64);
INSERT INTO "Pcredit_debit_cards" VALUES ('5656536752732618','2025-01-13','706','Alexander Johnson',66);
INSERT INTO "Pcredit_debit_cards" VALUES ('6342383336147724','2025-11-14','72','Brian Hendricks',68);
INSERT INTO "Pcredit_debit_cards" VALUES ('787777343790147','2025-12-04','761','George Kelly',72);
INSERT INTO "Pcredit_debit_cards" VALUES ('5562583653491134','2025-10-11','170','Jeffrey Garza',74);
INSERT INTO "Pcredit_debit_cards" VALUES ('100349238890865','2025-01-13','8029','Randy Wu',78);
INSERT INTO "Pcredit_debit_cards" VALUES ('7832982619709223','2025-03-16','232','John Gomez',79);
INSERT INTO "Pcredit_debit_cards" VALUES ('6114354872080553','2024-11-11','520','Roger Brown',80);
INSERT INTO "Pcredit_debit_cards" VALUES ('4546389073236487','2024-12-28','702','Edward Carter',82);
INSERT INTO "Pcredit_debit_cards" VALUES ('7568074890461711','2024-06-30','261','Richard Pineda',84);
INSERT INTO "Pcredit_debit_cards" VALUES ('1709522122281450','2024-09-30','442','Sean Petersen',86);
INSERT INTO "Pcredit_debit_cards" VALUES ('6949287013529629','2025-12-19','836','Alexander Mcdonald',87);
INSERT INTO "Pcredit_debit_cards" VALUES ('2171228627512538','2025-01-26','586','Claire Miller',88);
INSERT INTO "Pcredit_debit_cards" VALUES ('4139483653465057','2025-04-26','226','Cory Welch',89);
INSERT INTO "Pcredit_debit_cards" VALUES ('7892543688186327','2025-04-16','762','Sharon Johnson',90);
INSERT INTO "Pcredit_debit_cards" VALUES ('7787892684413929','2025-11-06','565','Bradley Hill',92);
INSERT INTO "Pcredit_debit_cards" VALUES ('7059070380035109','2025-02-12','8567','Steven Lewis',93);
INSERT INTO "Pcredit_debit_cards" VALUES ('1842280032589114','2024-04-28','154','Melissa Soto',96);
INSERT INTO "Pcredit_debit_cards" VALUES ('2862834636891510','2025-08-17','356','Katelyn Craig',97);
INSERT INTO "Pcredit_debit_cards" VALUES ('8963709207730617','2024-09-17','254','Marc Nguyen',100);
INSERT INTO "Pcredit_debit_cards" VALUES ('9760375155918834','2025-12-26','744','Denise Smith',101);
INSERT INTO "Pcredit_debit_cards" VALUES ('2118176855709574','2025-01-07','671','Richard Young',103);
INSERT INTO "Pcredit_debit_cards" VALUES ('429874696996450','2025-11-11','625','Tammy Chavez',104);
INSERT INTO "Pcredit_debit_cards" VALUES ('5348076531058096','2024-09-07','873','Heather Davis',115);
INSERT INTO "Pcredit_debit_cards" VALUES ('9755641716740278','2025-12-14','480','Linda Thompson',117);
INSERT INTO "Pcredit_debit_cards" VALUES ('7332060477465113','2024-04-19','202','Jennifer Taylor',119);
INSERT INTO "Pcredit_debit_cards" VALUES ('6185610558534237','2025-04-12','157','Kristin Baker',122);
INSERT INTO "Pcredit_debit_cards" VALUES ('8592454929342278','2025-04-20','147','Emily Daugherty',123);
INSERT INTO "Pcredit_debit_cards" VALUES ('897632267975059','2025-01-27','999','Benjamin Dudley',130);
INSERT INTO "Pcredit_debit_cards" VALUES ('9504809573241490','2025-12-24','987','Gerald Gray',131);
INSERT INTO "Pcredit_debit_cards" VALUES ('6237354346797950','2025-02-28','636','Martin Reed',132);
INSERT INTO "Pcredit_debit_cards" VALUES ('5304124909393913','2025-08-12','152','Zachary Mcclain',135);
INSERT INTO "Pcredit_debit_cards" VALUES ('6797180332826257','2025-05-14','928','Doris Reyes',138);
INSERT INTO "Pcredit_debit_cards" VALUES ('9814071018990848','2024-10-06','172','Monica Williams',139);
INSERT INTO "Products" VALUES (1,'Smartphone','Latest model with 128GB storage','Woodward, Perkins and Huang','Aqua',NULL,NULL,NULL,0.35,296.67,NULL,'Electronics',97);
INSERT INTO "Products" VALUES (2,'Laptop','High-performance laptop with 16GB RAM','Townsend, Jackson and Hamilton','Indigo',69.27,18.61,NULL,2.26,1038.8,360,'Electronics',49);
INSERT INTO "Products" VALUES (3,'Organic Honey','Pure organic honey in a 500ml jar','Davenport, Holt and Saunders','BlueViolet',NULL,46.19,NULL,0.8,6.16,NULL,'Groceries',28);
INSERT INTO "Products" VALUES (4,'Blender','Powerful blender with 3 speed settings','Stark PLC',NULL,39.47,NULL,NULL,4.61,38.06,NULL,'Home & Kitchen',96);
INSERT INTO "Products" VALUES (5,'Laptop','High-performance laptop with 16GB RAM','Franco-Haley','SeaShell',16.73,88.17,81.65,1.19,1197.8,174,'Electronics',141);
INSERT INTO "Products" VALUES (6,'Organic Honey','Pure organic honey in a 500ml jar','Smith Inc','FloralWhite',NULL,42.01,NULL,0.87,19.52,334,'Groceries',103);
INSERT INTO "Products" VALUES (7,'Men''s T-shirt','100% cotton plain T-shirt','Diaz, Bradshaw and Shields',NULL,72.76,18.55,30.4,0.48,35.57,NULL,'Fashion',199);
INSERT INTO "Products" VALUES (8,'Laptop','High-performance laptop with 16GB RAM','Peterson Inc','DimGray',NULL,80.85,31.2,1.86,2383.35,147,'Electronics',78);
INSERT INTO "Products" VALUES (9,'Cooking 101','Basic cooking guide with simple recipes','Thomas, Chen and Castaneda','Olive',NULL,NULL,NULL,1.59,38.35,NULL,'Books',14);
INSERT INTO "Products" VALUES (10,'Cooking 101','Basic cooking guide with simple recipes','Hughes PLC','PaleGoldenRod',NULL,96.41,NULL,1.26,31.92,NULL,'Books',131);
INSERT INTO "Products" VALUES (11,'Coffee Table','Wooden coffee table with storage','Luna-Jenkins','NavajoWhite',91.53,72.85,76.22,14.88,234.75,300,'Home & Kitchen',175);
INSERT INTO "Products" VALUES (12,'Coffee Table','Wooden coffee table with storage','Davis and Sons','LightYellow',69.08,54.73,NULL,11.5,259.85,56,'Home & Kitchen',108);
INSERT INTO "Products" VALUES (13,'Women''s Dress','Elegant evening dress','Henderson-Allen',NULL,37.11,84.01,86.49,0.79,106.96,NULL,'Fashion',0);
INSERT INTO "Products" VALUES (14,'Blender','Powerful blender with 3 speed settings','Taylor PLC',NULL,NULL,66.08,8.37,3.39,69.42,NULL,'Home & Kitchen',91);
INSERT INTO "Products" VALUES (15,'Cooking 101','Basic cooking guide with simple recipes','Romero-Guzman','RoyalBlue',NULL,NULL,22.68,1.03,13.04,NULL,'Books',21);
INSERT INTO "Products" VALUES (16,'Coffee Table','Wooden coffee table with storage','Spencer-Campos','Cornsilk',5.66,28.76,NULL,17.49,141.12,304,'Home & Kitchen',68);
INSERT INTO "Products" VALUES (17,'Cooking 101','Basic cooking guide with simple recipes','Smith Group','Turquoise',NULL,NULL,5.55,1.83,31.28,NULL,'Books',72);
INSERT INTO "Products" VALUES (18,'The Great Gatsby','Classic novel by F. Scott Fitzgerald','Smith Ltd','Navy',90.59,NULL,NULL,0.82,21.63,NULL,'Books',107);
INSERT INTO "Products" VALUES (19,'Women''s Dress','Elegant evening dress','Brewer, Brown and Johnson','MediumAquaMarine',35.86,88.77,92.74,1.34,89.99,NULL,'Fashion',27);
INSERT INTO "Products" VALUES (20,'The Great Gatsby','Classic novel by F. Scott Fitzgerald','Orr PLC',NULL,77.9,NULL,37.5,1.47,23.44,NULL,'Books',74);
INSERT INTO "Products" VALUES (21,'Fresh Apples','Pack of 6 fresh red apples','Holmes Ltd',NULL,NULL,74.28,NULL,1.28,3.81,NULL,'Groceries',179);
INSERT INTO "Products" VALUES (22,'Laptop','High-performance laptop with 16GB RAM','Watson, Jacobs and Gomez',NULL,81.95,52.72,NULL,2.99,1682.39,147,'Electronics',30);
INSERT INTO "Products" VALUES (23,'Laptop','High-performance laptop with 16GB RAM','Fleming, Briggs and Rosario',NULL,93.26,NULL,13.64,1.1,1314.59,NULL,'Electronics',162);
INSERT INTO "Products" VALUES (24,'Smartphone','Latest model with 128GB storage','Jackson, Butler and Casey','Aquamarine',NULL,66.17,NULL,0.21,564.72,NULL,'Electronics',107);
INSERT INTO "Products" VALUES (25,'Laptop','High-performance laptop with 16GB RAM','Rogers Inc','Silver',NULL,NULL,35.56,1.57,1060.32,250,'Electronics',47);
INSERT INTO "Products" VALUES (26,'Fresh Apples','Pack of 6 fresh red apples','Gray-Norton','IndianRed',NULL,NULL,NULL,1.55,9.03,NULL,'Groceries',189);
INSERT INTO "Products" VALUES (27,'Fresh Apples','Pack of 6 fresh red apples','Alvarez-Hale',NULL,NULL,13.29,NULL,1.63,7.21,NULL,'Groceries',167);
INSERT INTO "Products" VALUES (28,'Smartphone','Latest model with 128GB storage','Lee Ltd','PeachPuff',12.11,37.58,99.02,0.18,1137.0,NULL,'Electronics',49);
INSERT INTO "Products" VALUES (29,'Women''s Dress','Elegant evening dress','Murphy, Mckenzie and Baldwin','Crimson',85.38,38.0,NULL,1.13,41.14,NULL,'Fashion',123);
INSERT INTO "Products" VALUES (30,'Men''s T-shirt','100% cotton plain T-shirt','Ferguson Group',NULL,NULL,32.52,10.78,0.49,17.61,283,'Fashion',175);
INSERT INTO "Products" VALUES (31,'Coffee Table','Wooden coffee table with storage','Richards, Shea and Bender',NULL,41.49,43.08,NULL,13.68,90.0,NULL,'Home & Kitchen',178);
INSERT INTO "Products" VALUES (32,'Cooking 101','Basic cooking guide with simple recipes','Martinez-Lindsey','HoneyDew',29.59,33.15,NULL,0.68,16.72,179,'Books',10);
INSERT INTO "Products" VALUES (33,'Laptop','High-performance laptop with 16GB RAM','Patterson, Hall and Frost','MediumTurquoise',NULL,66.03,NULL,2.65,1569.19,NULL,'Electronics',88);
INSERT INTO "Products" VALUES (34,'Blender','Powerful blender with 3 speed settings','Rivera Inc','OrangeRed',88.98,NULL,NULL,4.7,43.59,350,'Home & Kitchen',2);
INSERT INTO "Products" VALUES (35,'Organic Honey','Pure organic honey in a 500ml jar','Doyle-Newman','Cyan',NULL,NULL,NULL,0.83,18.02,328,'Groceries',27);
INSERT INTO "Products" VALUES (36,'Women''s Dress','Elegant evening dress','Edwards-Wiggins','MediumBlue',57.33,25.96,NULL,1.08,165.39,109,'Fashion',114);
INSERT INTO "Products" VALUES (37,'Laptop','High-performance laptop with 16GB RAM','Hill, Gray and Schultz','LightCyan',13.9,NULL,NULL,2.72,877.72,NULL,'Electronics',186);
INSERT INTO "Products" VALUES (38,'Laptop','High-performance laptop with 16GB RAM','Moore-Edwards',NULL,NULL,NULL,NULL,2.22,638.91,NULL,'Electronics',62);
INSERT INTO "Products" VALUES (39,'Women''s Dress','Elegant evening dress','Ibarra Ltd',NULL,74.04,62.31,NULL,0.52,168.78,359,'Fashion',11);
INSERT INTO "Products" VALUES (40,'Smartphone','Latest model with 128GB storage','Owen PLC','Sienna',NULL,61.97,5.89,0.42,905.08,73,'Electronics',51);
INSERT INTO "Products" VALUES (41,'Laptop','High-performance laptop with 16GB RAM','Brady and Sons','Bisque',82.47,NULL,NULL,1.49,1587.05,NULL,'Electronics',139);
INSERT INTO "Products" VALUES (42,'The Great Gatsby','Classic novel by F. Scott Fitzgerald','Barber LLC','LavenderBlush',NULL,NULL,84.47,0.38,27.8,NULL,'Books',109);
INSERT INTO "Products" VALUES (43,'Men''s T-shirt','100% cotton plain T-shirt','Levy and Sons','SkyBlue',NULL,70.02,72.91,0.47,29.67,144,'Fashion',26);
INSERT INTO "Products" VALUES (44,'Fresh Apples','Pack of 6 fresh red apples','Jensen, Gonzalez and Wise',NULL,NULL,NULL,13.06,1.04,4.06,NULL,'Groceries',85);
INSERT INTO "Products" VALUES (45,'Coffee Table','Wooden coffee table with storage','Osborne-Holder','LightCoral',NULL,33.65,38.1,12.08,279.06,165,'Home & Kitchen',182);
INSERT INTO "Products" VALUES (46,'The Great Gatsby','Classic novel by F. Scott Fitzgerald','Clark-Wilson','Tomato',78.89,NULL,NULL,0.78,24.92,64,'Books',28);
INSERT INTO "Products" VALUES (47,'Blender','Powerful blender with 3 speed settings','Greer, Cortez and White','Cornsilk',NULL,NULL,22.28,3.16,45.55,NULL,'Home & Kitchen',177);
INSERT INTO "Products" VALUES (48,'Women''s Dress','Elegant evening dress','Waters-Ayala',NULL,92.55,NULL,56.18,0.99,116.52,NULL,'Fashion',21);
INSERT INTO "Products" VALUES (49,'Blender','Powerful blender with 3 speed settings','Guerrero PLC','Crimson',82.07,NULL,NULL,3.09,36.26,215,'Home & Kitchen',142);
INSERT INTO "Products" VALUES (50,'Men''s T-shirt','100% cotton plain T-shirt','Harris-Cox','DarkKhaki',NULL,NULL,87.34,0.45,21.79,NULL,'Fashion',141);
INSERT INTO "Products" VALUES (51,'Men''s T-shirt','100% cotton plain T-shirt','Baker, Young and Myers',NULL,NULL,16.14,18.59,0.42,37.84,NULL,'Fashion',13);
INSERT INTO "Products" VALUES (52,'The Great Gatsby','Classic novel by F. Scott Fitzgerald','Coleman Ltd','Aquamarine',20.03,NULL,NULL,0.52,5.31,243,'Books',38);
INSERT INTO "Products" VALUES (53,'Laptop','High-performance laptop with 16GB RAM','Simon, Jenkins and Dixon','DarkGoldenRod',71.36,NULL,NULL,1.67,2062.79,176,'Electronics',28);
INSERT INTO "Products" VALUES (54,'Smartphone','Latest model with 128GB storage','Smith, Kennedy and Weaver','MediumAquaMarine',NULL,52.81,NULL,0.43,1083.87,313,'Electronics',182);
INSERT INTO "Products" VALUES (55,'Fresh Apples','Pack of 6 fresh red apples','Wright-Caldwell','Khaki',NULL,NULL,54.54,1.98,3.88,NULL,'Groceries',158);
INSERT INTO "Products" VALUES (56,'The Great Gatsby','Classic novel by F. Scott Fitzgerald','Martin-Gates','Plum',97.72,12.33,50.35,1.05,15.13,NULL,'Books',13);
INSERT INTO "Products" VALUES (57,'Fresh Apples','Pack of 6 fresh red apples','Charles LLC',NULL,NULL,NULL,85.43,1.03,4.98,63,'Groceries',54);
INSERT INTO "Products" VALUES (58,'Coffee Table','Wooden coffee table with storage','Trujillo, Freeman and Smith','Gold',NULL,65.65,NULL,15.38,294.17,318,'Home & Kitchen',123);
INSERT INTO "Products" VALUES (59,'The Great Gatsby','Classic novel by F. Scott Fitzgerald','Walsh, Weaver and Davis','Yellow',5.81,NULL,NULL,0.72,9.87,212,'Books',33);
INSERT INTO "Products" VALUES (60,'Cooking 101','Basic cooking guide with simple recipes','Bush-Young','Teal',14.6,19.27,41.3,1.38,35.56,NULL,'Books',38);
INSERT INTO "Products" VALUES (61,'Men''s T-shirt','100% cotton plain T-shirt','Mendez and Sons','DarkSalmon',NULL,89.02,67.15,0.43,16.44,294,'Fashion',186);
INSERT INTO "Products" VALUES (62,'Blender','Powerful blender with 3 speed settings','Roth, Lewis and Pham','DarkViolet',NULL,NULL,94.31,2.12,77.02,152,'Home & Kitchen',53);
INSERT INTO "Products" VALUES (63,'Coffee Table','Wooden coffee table with storage','Nelson, Wheeler and Clark','MediumSlateBlue',99.47,NULL,NULL,25.33,127.39,74,'Home & Kitchen',127);
INSERT INTO "Products" VALUES (64,'Cooking 101','Basic cooking guide with simple recipes','Turner, Santiago and Meyer','Magenta',20.34,NULL,NULL,0.63,15.38,162,'Books',121);
INSERT INTO "Products" VALUES (65,'Fresh Apples','Pack of 6 fresh red apples','Farrell, Combs and Davis','Fuchsia',NULL,NULL,8.76,1.86,5.81,96,'Groceries',112);
INSERT INTO "Products" VALUES (66,'Fresh Apples','Pack of 6 fresh red apples','Jensen, Hill and Bentley','Indigo',53.06,NULL,69.84,1.62,7.51,155,'Groceries',179);
INSERT INTO "Products" VALUES (67,'Coffee Table','Wooden coffee table with storage','Kemp-Stevens',NULL,NULL,NULL,86.11,14.46,268.54,208,'Home & Kitchen',119);
INSERT INTO "Products" VALUES (68,'Women''s Dress','Elegant evening dress','Woods-Jackson',NULL,NULL,NULL,42.71,0.93,92.27,NULL,'Fashion',87);
INSERT INTO "Products" VALUES (69,'Blender','Powerful blender with 3 speed settings','Sloan and Sons',NULL,15.86,NULL,95.11,2.44,37.08,337,'Home & Kitchen',198);
INSERT INTO "Products" VALUES (70,'Men''s T-shirt','100% cotton plain T-shirt','Acosta-Young','Navy',NULL,NULL,NULL,0.22,44.72,246,'Fashion',69);
INSERT INTO "Products" VALUES (71,'Organic Honey','Pure organic honey in a 500ml jar','Johnson-Perez',NULL,NULL,NULL,NULL,0.86,18.07,162,'Groceries',47);
INSERT INTO "Products" VALUES (72,'The Great Gatsby','Classic novel by F. Scott Fitzgerald','Miller Ltd','HotPink',NULL,33.21,NULL,1.42,17.04,112,'Books',178);
INSERT INTO "Products" VALUES (73,'Women''s Dress','Elegant evening dress','Schneider-Sparks','DarkSalmon',83.19,89.91,NULL,1.22,124.13,NULL,'Fashion',170);
INSERT INTO "Products" VALUES (74,'Organic Honey','Pure organic honey in a 500ml jar','Sanchez-Anderson',NULL,NULL,NULL,15.79,0.98,11.1,31,'Groceries',115);
INSERT INTO "Products" VALUES (75,'Laptop','High-performance laptop with 16GB RAM','Mullins Group','DarkGray',8.47,22.83,78.57,2.2,932.27,NULL,'Electronics',48);
INSERT INTO "Products" VALUES (76,'Coffee Table','Wooden coffee table with storage','Hill PLC','PaleTurquoise',NULL,NULL,NULL,26.38,81.19,NULL,'Home & Kitchen',116);
INSERT INTO "Products" VALUES (77,'Women''s Dress','Elegant evening dress','Pierce-Tate','SeaGreen',45.46,36.9,48.59,0.87,119.5,NULL,'Fashion',111);
INSERT INTO "Products" VALUES (78,'Women''s Dress','Elegant evening dress','Smith Inc','Violet',46.56,NULL,92.89,1.36,199.17,83,'Fashion',22);
INSERT INTO "Products" VALUES (79,'Cooking 101','Basic cooking guide with simple recipes','Hinton-Jimenez',NULL,64.26,65.18,81.56,1.5,35.55,NULL,'Books',198);
INSERT INTO "Products" VALUES (80,'Women''s Dress','Elegant evening dress','Hoffman, Willis and Wilson',NULL,95.3,NULL,49.07,1.41,136.07,232,'Fashion',1);
INSERT INTO "Products" VALUES (81,'Organic Honey','Pure organic honey in a 500ml jar','Holt LLC','MintCream',NULL,34.2,91.39,0.84,5.06,46,'Groceries',3);
INSERT INTO "Products" VALUES (82,'The Great Gatsby','Classic novel by F. Scott Fitzgerald','Chang, Walters and Holder','SaddleBrown',54.3,35.16,NULL,0.94,15.75,230,'Books',49);
INSERT INTO "Products" VALUES (83,'Blender','Powerful blender with 3 speed settings','Moore, Hernandez and Bell','SeaShell',59.9,NULL,97.85,2.52,92.33,253,'Home & Kitchen',59);
INSERT INTO "Products" VALUES (84,'The Great Gatsby','Classic novel by F. Scott Fitzgerald','Sanders Ltd','RoyalBlue',79.51,64.6,NULL,0.92,28.72,NULL,'Books',23);
INSERT INTO "Products" VALUES (85,'Cooking 101','Basic cooking guide with simple recipes','Goodwin Ltd',NULL,19.54,56.65,59.32,0.54,32.03,354,'Books',161);
INSERT INTO "Products" VALUES (86,'Organic Honey','Pure organic honey in a 500ml jar','Williams, Cabrera and Rodgers',NULL,33.21,28.3,79.67,0.89,14.89,NULL,'Groceries',36);
INSERT INTO "Products" VALUES (87,'The Great Gatsby','Classic novel by F. Scott Fitzgerald','Bell-Gray',NULL,16.66,NULL,NULL,0.43,6.93,136,'Books',100);
INSERT INTO "Products" VALUES (88,'Cooking 101','Basic cooking guide with simple recipes','Ayers and Sons','LawnGreen',NULL,NULL,24.98,1.13,36.69,260,'Books',41);
INSERT INTO "Products" VALUES (89,'Laptop','High-performance laptop with 16GB RAM','Barker, Gardner and Webb',NULL,NULL,62.63,NULL,2.95,2487.48,NULL,'Electronics',157);
INSERT INTO "Products" VALUES (90,'Coffee Table','Wooden coffee table with storage','Kim-Sloan',NULL,93.03,NULL,NULL,10.46,177.94,NULL,'Home & Kitchen',93);
INSERT INTO "Products" VALUES (91,'The Great Gatsby','Classic novel by F. Scott Fitzgerald','Palmer, Bailey and Lester',NULL,NULL,NULL,17.03,0.56,9.98,NULL,'Books',181);
INSERT INTO "Products" VALUES (92,'Blender','Powerful blender with 3 speed settings','Robinson, Howell and Leonard','DarkTurquoise',46.43,92.62,NULL,2.59,87.68,231,'Home & Kitchen',26);
INSERT INTO "Products" VALUES (93,'Blender','Powerful blender with 3 speed settings','Palmer LLC',NULL,NULL,46.18,NULL,3.79,41.73,NULL,'Home & Kitchen',27);
INSERT INTO "Products" VALUES (94,'Blender','Powerful blender with 3 speed settings','Rivera-Jacobs','DarkGoldenRod',40.53,11.11,NULL,2.1,60.91,180,'Home & Kitchen',154);
INSERT INTO "Products" VALUES (95,'Blender','Powerful blender with 3 speed settings','Powell and Sons','Tan',NULL,45.79,NULL,2.74,37.21,NULL,'Home & Kitchen',37);
INSERT INTO "Products" VALUES (96,'Organic Honey','Pure organic honey in a 500ml jar','Miller-Rogers',NULL,73.1,NULL,35.55,0.62,5.99,NULL,'Groceries',54);
INSERT INTO "Products" VALUES (97,'Coffee Table','Wooden coffee table with storage','Lara and Sons',NULL,NULL,88.92,12.11,27.85,155.44,192,'Home & Kitchen',81);
INSERT INTO "Products" VALUES (98,'Smartphone','Latest model with 128GB storage','Arellano, Fuentes and Walton',NULL,NULL,NULL,NULL,0.15,788.62,332,'Electronics',98);
INSERT INTO "Products" VALUES (99,'Smartphone','Latest model with 128GB storage','Russo Inc',NULL,86.33,91.61,NULL,0.44,723.65,300,'Electronics',10);
INSERT INTO "Products" VALUES (100,'Organic Honey','Pure organic honey in a 500ml jar','Young-Hoffman',NULL,NULL,73.71,NULL,0.88,11.01,190,'Groceries',126);
INSERT INTO "Pvouchers_gift_cards" VALUES ('c30bce07-bdba-4d08-a3da-73d0e6c82926','2025-10-20',234.84,66.22,1);
INSERT INTO "Pvouchers_gift_cards" VALUES ('519656bc-992c-4a54-8158-246ed751b3d9','2025-08-21',219.93,145.88,3);
INSERT INTO "Pvouchers_gift_cards" VALUES ('76e379de-93ed-4302-9cf4-89910cab222b','2024-08-12',498.69,34.58,4);
INSERT INTO "Pvouchers_gift_cards" VALUES ('092a39b8-71a5-4b06-be6b-93d2cc8a6d36','2025-09-02',41.13,95.4,8);
INSERT INTO "Pvouchers_gift_cards" VALUES ('294f854e-81a5-4bbd-91d1-6943f20b5b52','2025-07-20',431.78,2.87,9);
INSERT INTO "Pvouchers_gift_cards" VALUES ('0a03483b-0ae6-44b2-a9e8-65c12c61571d','2025-10-18',176.69,73.38,11);
INSERT INTO "Pvouchers_gift_cards" VALUES ('32dca182-7f5c-47db-a880-11cd154341cc','2025-05-27',383.36,126.92,13);
INSERT INTO "Pvouchers_gift_cards" VALUES ('73469cc6-3a5e-43b6-a55e-3bdc3723e208','2025-10-16',258.75,49.73,14);
INSERT INTO "Pvouchers_gift_cards" VALUES ('3ec1d7be-92c4-451f-94b4-ffd1794f326b','2025-05-15',19.54,232.27,17);
INSERT INTO "Pvouchers_gift_cards" VALUES ('c0551b1d-14f0-4c86-ade2-95988917d611','2025-07-16',90.91,131.92,23);
INSERT INTO "Pvouchers_gift_cards" VALUES ('36b10163-414c-41a9-bfb8-a0474f039d66','2024-08-04',465.17,188.82,24);
INSERT INTO "Pvouchers_gift_cards" VALUES ('647503a9-08c8-4809-8298-77fa008b49d8','2025-02-12',497.62,162.47,25);
INSERT INTO "Pvouchers_gift_cards" VALUES ('6ae5d3f2-e22b-434d-a41f-a43c06d7fffd','2025-06-13',231.23,61.98,26);
INSERT INTO "Pvouchers_gift_cards" VALUES ('23d14145-49d8-4d65-abb1-c7e56e56cdb0','2024-01-22',298.27,57.53,27);
INSERT INTO "Pvouchers_gift_cards" VALUES ('37909b21-8436-4443-8306-0439eaaea199','2024-09-05',394.46,201.87,34);
INSERT INTO "Pvouchers_gift_cards" VALUES ('e1b92177-8b96-4148-9f20-b7449690f984','2024-12-28',217.55,116.76,36);
INSERT INTO "Pvouchers_gift_cards" VALUES ('62a6cbf0-f160-4f9b-b1e3-ef208cddfb9a','2024-04-21',131.84,47.55,38);
INSERT INTO "Pvouchers_gift_cards" VALUES ('acda95c7-eeeb-46fa-b869-9514d28612f5','2024-05-23',216.72,69.64,39);
INSERT INTO "Pvouchers_gift_cards" VALUES ('95eff4b7-f326-40f3-8b79-07aca374b53f','2025-07-17',57.98,163.04,41);
INSERT INTO "Pvouchers_gift_cards" VALUES ('fe4b9842-921c-4b0e-bb24-6981bd9af165','2025-05-12',245.87,216.16,44);
INSERT INTO "Pvouchers_gift_cards" VALUES ('4ab73fcc-a359-4f57-9a33-97aee11777ff','2024-01-03',492.8,66.3,46);
INSERT INTO "Pvouchers_gift_cards" VALUES ('19455d86-76d5-43f6-95c5-dec2b61817ee','2025-03-09',351.33,182.63,47);
INSERT INTO "Pvouchers_gift_cards" VALUES ('6a3a87f2-7a9b-48dd-b7a8-322854b85284','2024-06-07',103.05,54.43,48);
INSERT INTO "Pvouchers_gift_cards" VALUES ('814139a5-c5b8-4a56-8f82-eaf5dac3a329','2024-05-02',471.38,142.42,56);
INSERT INTO "Pvouchers_gift_cards" VALUES ('d95b5bde-1177-4baf-a985-570be541f5f5','2025-11-04',296.0,130.7,58);
INSERT INTO "Pvouchers_gift_cards" VALUES ('933d7baa-eeee-472e-a615-83ccc72271bd','2024-09-01',140.15,32.72,60);
INSERT INTO "Pvouchers_gift_cards" VALUES ('db8a6628-ccc1-4563-bc66-45f65b196921','2025-04-13',164.93,187.97,61);
INSERT INTO "Pvouchers_gift_cards" VALUES ('16187ce0-aaae-4ed4-8a78-77779f66c654','2024-05-15',467.3,220.22,65);
INSERT INTO "Pvouchers_gift_cards" VALUES ('9219725b-da6f-4d7f-b9af-6ae04e432653','2024-06-10',224.71,135.8,67);
INSERT INTO "Pvouchers_gift_cards" VALUES ('5629602b-3d7e-47f6-80b4-7c8eaffad78c','2025-11-10',60.76,219.53,69);
INSERT INTO "Pvouchers_gift_cards" VALUES ('a007f389-f570-463f-8e3a-39969f8a119a','2024-04-28',445.96,185.6,70);
INSERT INTO "Pvouchers_gift_cards" VALUES ('606c89d0-ad0e-48c1-a6d9-3556928528c0','2024-10-15',306.37,179.4,71);
INSERT INTO "Pvouchers_gift_cards" VALUES ('bc4c3743-9386-4b25-b244-9d0bdb246e2c','2024-09-14',453.61,211.53,73);
INSERT INTO "Pvouchers_gift_cards" VALUES ('7e4d185e-3a74-4d86-b53f-859c76a8ba66','2024-10-10',31.6,83.39,75);
INSERT INTO "Pvouchers_gift_cards" VALUES ('cb333ba5-a683-49a9-a655-766c153781fa','2024-06-14',373.2,137.92,76);
INSERT INTO "Pvouchers_gift_cards" VALUES ('7bbf378d-bf1f-49cc-9a70-5db55e0d45a6','2025-07-28',14.74,18.81,77);
INSERT INTO "Pvouchers_gift_cards" VALUES ('6d6e7f2f-52ec-481f-a641-a889c589062d','2024-02-10',450.47,52.52,81);
INSERT INTO "Pvouchers_gift_cards" VALUES ('48dc11c2-0460-4335-8d7a-94d98b583eea','2025-09-27',377.24,231.44,83);
INSERT INTO "Pvouchers_gift_cards" VALUES ('5001fbb7-68c0-4a55-b745-d05b9c2ac494','2024-01-26',97.89,231.12,85);
INSERT INTO "Pvouchers_gift_cards" VALUES ('f7b3dfc5-4ccd-418c-8009-29b0f878e759','2024-11-08',412.06,217.83,91);
INSERT INTO "Pvouchers_gift_cards" VALUES ('29f5c641-dcba-41d7-8843-849f091dac48','2024-03-12',483.78,69.78,94);
INSERT INTO "Pvouchers_gift_cards" VALUES ('b2232685-dabc-4133-bc4e-efc790d2e151','2025-11-26',490.76,134.05,95);
INSERT INTO "Pvouchers_gift_cards" VALUES ('72421e5e-e4dc-44c6-b325-b5d119bd7d40','2024-02-09',63.12,108.64,98);
INSERT INTO "Pvouchers_gift_cards" VALUES ('84af7e6d-8c00-4168-ad7b-4ad6e4c13498','2025-03-22',307.04,127.86,99);
INSERT INTO "Pvouchers_gift_cards" VALUES ('747859b8-2afa-4fed-a47b-baeef46e012d','2024-01-02',264.76,201.63,102);
INSERT INTO "Pvouchers_gift_cards" VALUES ('72422a76-98d5-4ec4-8236-45413462b0ef','2025-09-30',163.82,212.0,105);
INSERT INTO "Pvouchers_gift_cards" VALUES ('b89479c8-6e0b-4253-b21e-aaf187598457','2025-06-03',161.55,102.1,106);
INSERT INTO "Pvouchers_gift_cards" VALUES ('1a58a29e-1b6b-4288-85fb-61a57cf0b01d','2025-12-14',154.87,31.82,107);
INSERT INTO "Pvouchers_gift_cards" VALUES ('d0a299a3-34ab-41fd-97a8-3af322a313f7','2025-11-24',376.59,43.51,108);
INSERT INTO "Pvouchers_gift_cards" VALUES ('28aa7625-9613-4b4e-8cbf-f442cfaeff7f','2025-02-19',278.49,0.1,109);
INSERT INTO "Pvouchers_gift_cards" VALUES ('065210fa-39e9-47dc-97ff-1e6f9fab56f9','2024-08-03',220.65,145.0,110);
INSERT INTO "Pvouchers_gift_cards" VALUES ('d29a31f0-c295-4f75-9420-99efb7f920cb','2025-04-21',226.48,168.91,111);
INSERT INTO "Pvouchers_gift_cards" VALUES ('6684f3d0-9fce-490c-92c6-617972bef30e','2024-06-22',332.84,70.95,112);
INSERT INTO "Pvouchers_gift_cards" VALUES ('5ee3dd24-8f68-4e35-8aa9-c5db4b96b294','2024-04-05',411.03,187.78,113);
INSERT INTO "Pvouchers_gift_cards" VALUES ('0c789c59-df01-4ed3-bd08-0e19524c486f','2024-08-18',405.22,36.84,114);
INSERT INTO "Pvouchers_gift_cards" VALUES ('f51678af-e42c-4a08-b789-20f897850e8c','2025-09-17',426.37,18.21,116);
INSERT INTO "Pvouchers_gift_cards" VALUES ('0157f092-30e1-4c69-b938-c87500de109e','2025-05-21',205.83,36.89,118);
INSERT INTO "Pvouchers_gift_cards" VALUES ('4a4b8081-2e7d-45a7-b05d-f6c34eda33cd','2024-08-12',96.18,239.49,120);
INSERT INTO "Pvouchers_gift_cards" VALUES ('4527cb86-8f8e-4007-b4e8-79a8eb16f588','2024-02-21',283.13,229.37,121);
INSERT INTO "Pvouchers_gift_cards" VALUES ('54a115cc-60c2-4a0c-81d4-b2d785a29867','2025-03-29',310.2,179.82,124);
INSERT INTO "Pvouchers_gift_cards" VALUES ('d249ffc3-b0f6-415a-b6b1-f6910fd8804e','2025-07-15',228.5,39.79,125);
INSERT INTO "Pvouchers_gift_cards" VALUES ('125bf849-8286-4c1d-8e13-a58752697581','2024-09-22',378.37,209.97,126);
INSERT INTO "Pvouchers_gift_cards" VALUES ('5987ea83-0ceb-4960-b570-aa67571f4118','2025-06-17',247.45,59.81,127);
INSERT INTO "Pvouchers_gift_cards" VALUES ('0cdc88d0-ad89-49ea-8db1-8bab8eb991dc','2024-03-20',359.64,58.62,128);
INSERT INTO "Pvouchers_gift_cards" VALUES ('5a21aba3-a4da-42bc-a169-55b0ff86df76','2024-11-23',447.58,20.14,129);
INSERT INTO "Pvouchers_gift_cards" VALUES ('35be4968-384e-41ea-ae02-dd3a45133741','2024-12-04',275.88,103.94,133);
INSERT INTO "Pvouchers_gift_cards" VALUES ('f2c3d00e-ff96-48e4-abc8-c237f6728be8','2025-02-02',453.37,146.02,134);
INSERT INTO "Pvouchers_gift_cards" VALUES ('25726deb-16ee-4ec0-b6a4-83eaa4b626f0','2024-01-07',471.94,74.65,136);
INSERT INTO "Pvouchers_gift_cards" VALUES ('c32bd0c0-2d67-4183-bfe8-1d32a09361ae','2025-03-05',273.73,183.66,137);
INSERT INTO "Returns" VALUES (1,'2024-02-08','2024-04-08','Pending',2);
INSERT INTO "Returns" VALUES (2,'2024-04-14','2024-06-13','Pending',4);
INSERT INTO "Returns" VALUES (3,'2024-04-30','2024-06-29','Cancelled',5);
INSERT INTO "Returns" VALUES (4,'2024-03-04','2024-05-03','Pending',6);
INSERT INTO "Returns" VALUES (5,'2024-02-07','2024-04-07','Completed',7);
INSERT INTO "Returns" VALUES (6,'2024-05-01','2024-06-30','Completed',10);
INSERT INTO "Returns" VALUES (7,'2024-05-30','2024-07-29','Cancelled',12);
INSERT INTO "Returns" VALUES (8,'2024-04-02','2024-06-01','Completed',13);
INSERT INTO "Returns" VALUES (9,'2024-02-16','2024-04-16','Completed',14);
INSERT INTO "Returns" VALUES (10,'2024-05-05','2024-07-04','Cancelled',15);
INSERT INTO "Returns" VALUES (11,'2024-03-27','2024-05-26','Pending',16);
INSERT INTO "Returns" VALUES (12,'2024-01-18','2024-03-18','Pending',17);
INSERT INTO "Returns" VALUES (13,'2024-02-20','2024-04-20','Cancelled',22);
INSERT INTO "Returns" VALUES (14,'2024-01-22','2024-03-22','Completed',24);
INSERT INTO "Returns" VALUES (15,'2024-05-06','2024-07-05','Pending',25);
INSERT INTO "Returns" VALUES (16,'2024-05-31','2024-07-30','Completed',26);
INSERT INTO "Returns" VALUES (17,'2024-04-03','2024-06-02','Completed',27);
INSERT INTO "Returns" VALUES (18,'2024-01-07','2024-03-07','Completed',30);
INSERT INTO "Returns" VALUES (19,'2024-03-19','2024-05-18','Completed',33);
INSERT INTO "Returns" VALUES (20,'2024-04-27','2024-06-26','Cancelled',37);
INSERT INTO "Returns" VALUES (21,'2024-02-03','2024-04-03','Cancelled',39);
INSERT INTO "Returns" VALUES (22,'2024-03-18','2024-05-17','Completed',41);
INSERT INTO "Returns" VALUES (23,'2024-03-10','2024-05-09','Cancelled',45);
INSERT INTO "Returns" VALUES (24,'2024-04-18','2024-06-17','Completed',48);
INSERT INTO "Returns" VALUES (25,'2024-02-03','2024-04-03','Completed',49);
INSERT INTO "Returns" VALUES (26,'2024-05-21','2024-07-20','Pending',50);
INSERT INTO "Returns" VALUES (27,'2024-01-22','2024-03-22','Cancelled',53);
INSERT INTO "Returns" VALUES (28,'2024-05-10','2024-07-09','Pending',54);
INSERT INTO "Returns" VALUES (29,'2024-03-03','2024-05-02','Pending',57);
INSERT INTO "Returns" VALUES (30,'2024-03-01','2024-04-30','Pending',60);
INSERT INTO "Returns" VALUES (31,'2024-01-03','2024-03-03','Cancelled',61);
INSERT INTO "Returns" VALUES (32,'2024-01-19','2024-03-19','Pending',63);
INSERT INTO "Returns" VALUES (33,'2024-04-27','2024-06-26','Cancelled',64);
INSERT INTO "Returns" VALUES (34,'2024-01-28','2024-03-28','Cancelled',65);
INSERT INTO "Returns" VALUES (35,'2024-02-21','2024-04-21','Cancelled',67);
INSERT INTO "Returns" VALUES (36,'2024-02-17','2024-04-17','Pending',68);
INSERT INTO "Returns" VALUES (37,'2024-01-24','2024-03-24','Pending',69);
INSERT INTO "Returns" VALUES (38,'2024-02-23','2024-04-23','Pending',71);
INSERT INTO "Returns" VALUES (39,'2024-04-09','2024-06-08','Completed',72);
INSERT INTO "Returns" VALUES (40,'2024-02-19','2024-04-19','Completed',73);
INSERT INTO "Returns" VALUES (41,'2024-05-06','2024-07-05','Cancelled',74);
INSERT INTO "Returns" VALUES (42,'2024-04-30','2024-06-29','Completed',75);
INSERT INTO "Returns" VALUES (43,'2024-05-31','2024-07-30','Pending',76);
INSERT INTO "Returns" VALUES (44,'2024-01-21','2024-03-21','Pending',78);
INSERT INTO "Returns" VALUES (45,'2024-03-08','2024-05-07','Pending',79);
INSERT INTO "Returns" VALUES (46,'2024-05-27','2024-07-26','Pending',80);
INSERT INTO "Returns" VALUES (47,'2024-01-20','2024-03-20','Pending',81);
INSERT INTO "Returns" VALUES (48,'2024-02-11','2024-04-11','Completed',84);
INSERT INTO "Returns" VALUES (49,'2024-05-31','2024-07-30','Completed',85);
INSERT INTO "Returns" VALUES (50,'2024-05-09','2024-07-08','Cancelled',86);
INSERT INTO "Returns" VALUES (51,'2024-03-02','2024-05-01','Cancelled',89);
INSERT INTO "Reviews" VALUES (1,'2024-09-25','Very dissatisfied with Cooking 101. Not as described.',1,'ramirezyolanda@hotmail.com',15);
INSERT INTO "Reviews" VALUES (2,'2024-10-05','Coffee Table is average. Neither great nor terrible.',3,'ramirezyolanda@hotmail.com',11);
INSERT INTO "Reviews" VALUES (3,'2024-02-04','Pleased with Cooking 101. Would recommend.',4,'andreamiller@lee.com',79);
INSERT INTO "Reviews" VALUES (4,'2024-08-31','Blender is average. Neither great nor terrible.',3,'andreamiller@lee.com',62);
INSERT INTO "Reviews" VALUES (5,'2024-03-02','Below expectations for The Great Gatsby. Could be better.',2,'andreamiller@lee.com',87);
INSERT INTO "Reviews" VALUES (6,'2024-07-10','Excellent! Laptop exceeded expectations!',5,'andreamiller@lee.com',23);
INSERT INTO "Reviews" VALUES (7,'2024-02-04','Pleased with Fresh Apples. Would recommend.',4,'andreamiller@lee.com',44);
INSERT INTO "Reviews" VALUES (8,'2024-10-25','Below expectations for Cooking 101. Could be better.',2,'andreamiller@lee.com',88);
INSERT INTO "Reviews" VALUES (9,'2024-04-13','Below expectations for Organic Honey. Could be better.',2,'andreamiller@lee.com',100);
INSERT INTO "Reviews" VALUES (10,'2024-07-09','Very dissatisfied with Cooking 101. Not as described.',1,'darrell34@hancock.com',79);
INSERT INTO "Reviews" VALUES (11,'2024-09-25','Very dissatisfied with The Great Gatsby. Not as described.',1,'darrell34@hancock.com',20);
INSERT INTO "Reviews" VALUES (12,'2024-09-28','Excellent! Cooking 101 exceeded expectations!',5,'darrell34@hancock.com',79);
INSERT INTO "Reviews" VALUES (13,'2024-06-12','Below expectations for Men''s T-shirt. Could be better.',2,'christopherkim@robbins-wang.com',61);
INSERT INTO "Reviews" VALUES (14,'2024-04-19','Pleased with Women''s Dress. Would recommend.',4,'christopherkim@robbins-wang.com',48);
INSERT INTO "Reviews" VALUES (15,'2024-02-06','Excellent! Organic Honey exceeded expectations!',5,'christopherkim@robbins-wang.com',3);
INSERT INTO "Reviews" VALUES (16,'2024-09-01','Very dissatisfied with Blender. Not as described.',1,'christopherkim@robbins-wang.com',49);
INSERT INTO "Reviews" VALUES (17,'2024-10-16','Very dissatisfied with The Great Gatsby. Not as described.',1,'christopherkim@robbins-wang.com',72);
INSERT INTO "Reviews" VALUES (18,'2024-07-04','Pleased with Smartphone. Would recommend.',4,'christopherkim@robbins-wang.com',28);
INSERT INTO "Reviews" VALUES (19,'2024-07-27','Blender is average. Neither great nor terrible.',3,'allenjohn@warren.net',93);
INSERT INTO "Reviews" VALUES (20,'2024-01-15','Pleased with Women''s Dress. Would recommend.',4,'allenjohn@warren.net',36);
INSERT INTO "Reviews" VALUES (21,'2024-07-19','Women''s Dress is average. Neither great nor terrible.',3,'allenjohn@warren.net',36);
INSERT INTO "Reviews" VALUES (22,'2024-03-06','Below expectations for Laptop. Could be better.',2,'allenjohn@warren.net',37);
INSERT INTO "Reviews" VALUES (23,'2024-07-27','Excellent! Fresh Apples exceeded expectations!',5,'gainesthomas@mccormick.com',26);
INSERT INTO "Reviews" VALUES (24,'2024-05-03','Below expectations for Coffee Table. Could be better.',2,'gainesthomas@mccormick.com',12);
INSERT INTO "Reviews" VALUES (25,'2024-09-11','Cooking 101 is average. Neither great nor terrible.',3,'gainesthomas@mccormick.com',32);
INSERT INTO "Reviews" VALUES (26,'2024-01-16','Pleased with Organic Honey. Would recommend.',4,'gainesthomas@mccormick.com',74);
INSERT INTO "Reviews" VALUES (27,'2024-01-21','Below expectations for Smartphone. Could be better.',2,'bstokes@gmail.com',24);
INSERT INTO "Reviews" VALUES (28,'2024-06-04','The Great Gatsby is average. Neither great nor terrible.',3,'bstokes@gmail.com',18);
INSERT INTO "Reviews" VALUES (29,'2024-06-16','Excellent! Fresh Apples exceeded expectations!',5,'walkerbreanna@pena.biz',66);
INSERT INTO "Reviews" VALUES (30,'2024-09-18','Pleased with Fresh Apples. Would recommend.',4,'walkerbreanna@pena.biz',65);
INSERT INTO "Reviews" VALUES (31,'2024-10-13','Excellent! Coffee Table exceeded expectations!',5,'walkerbreanna@pena.biz',12);
INSERT INTO "Reviews" VALUES (32,'2024-10-20','Excellent! Cooking 101 exceeded expectations!',5,'walkerbreanna@pena.biz',60);
INSERT INTO "Reviews" VALUES (33,'2024-09-29','Smartphone is average. Neither great nor terrible.',3,'walkerbreanna@pena.biz',99);
INSERT INTO "Reviews" VALUES (34,'2024-05-08','Very dissatisfied with Fresh Apples. Not as described.',1,'hansonolivia@gmail.com',44);
INSERT INTO "Reviews" VALUES (35,'2024-05-27','Women''s Dress is average. Neither great nor terrible.',3,'hansonolivia@gmail.com',68);
INSERT INTO "Reviews" VALUES (36,'2024-06-09','Below expectations for Blender. Could be better.',2,'hansonolivia@gmail.com',95);
INSERT INTO "Reviews" VALUES (37,'2024-05-02','Organic Honey is average. Neither great nor terrible.',3,'hansonolivia@gmail.com',3);
INSERT INTO "Reviews" VALUES (38,'2024-06-05','Organic Honey is average. Neither great nor terrible.',3,'hansonolivia@gmail.com',74);
INSERT INTO "Reviews" VALUES (39,'2024-05-15','Smartphone is average. Neither great nor terrible.',3,'omurphy@gmail.com',99);
INSERT INTO "Reviews" VALUES (40,'2024-03-12','Below expectations for The Great Gatsby. Could be better.',2,'omurphy@gmail.com',46);
INSERT INTO "Reviews" VALUES (41,'2024-04-07','Women''s Dress is average. Neither great nor terrible.',3,'omurphy@gmail.com',13);
INSERT INTO "Reviews" VALUES (42,'2024-10-04','Blender is average. Neither great nor terrible.',3,'omurphy@gmail.com',69);
INSERT INTO "Reviews" VALUES (43,'2024-08-24','Below expectations for Laptop. Could be better.',2,'omurphy@gmail.com',41);
INSERT INTO "Reviews" VALUES (44,'2024-03-01','Below expectations for Cooking 101. Could be better.',2,'omurphy@gmail.com',85);
INSERT INTO "Reviews" VALUES (45,'2024-05-06','Fresh Apples is average. Neither great nor terrible.',3,'omurphy@gmail.com',26);
INSERT INTO "Reviews" VALUES (46,'2024-04-03','Blender is average. Neither great nor terrible.',3,'omurphy@gmail.com',4);
INSERT INTO "Reviews" VALUES (47,'2024-07-10','Pleased with Organic Honey. Would recommend.',4,'omurphy@gmail.com',96);
INSERT INTO "Reviews" VALUES (48,'2024-06-23','Excellent! Blender exceeded expectations!',5,'robert99@barber.com',93);
INSERT INTO "Reviews" VALUES (49,'2024-03-04','Coffee Table is average. Neither great nor terrible.',3,'robert99@barber.com',97);
INSERT INTO "Reviews" VALUES (50,'2024-07-20','Excellent! Coffee Table exceeded expectations!',5,'robert99@barber.com',16);
INSERT INTO "Reviews" VALUES (51,'2024-08-20','Pleased with Blender. Would recommend.',4,'robert99@barber.com',47);
INSERT INTO "Reviews" VALUES (52,'2024-10-25','Excellent! Organic Honey exceeded expectations!',5,'robert99@barber.com',3);
INSERT INTO "Reviews" VALUES (53,'2024-10-17','Excellent! Blender exceeded expectations!',5,'robert99@barber.com',49);
INSERT INTO "Reviews" VALUES (54,'2024-10-31','Pleased with Men''s T-shirt. Would recommend.',4,'robert99@barber.com',30);
INSERT INTO "Reviews" VALUES (55,'2024-01-22','Very dissatisfied with Women''s Dress. Not as described.',1,'beverlywatts@yahoo.com',48);
INSERT INTO "Reviews" VALUES (56,'2024-02-25','Smartphone is average. Neither great nor terrible.',3,'beverlywatts@yahoo.com',54);
INSERT INTO "Reviews" VALUES (57,'2024-03-06','Smartphone is average. Neither great nor terrible.',3,'beverlywatts@yahoo.com',54);
INSERT INTO "Reviews" VALUES (58,'2024-04-14','Pleased with Blender. Would recommend.',4,'cookmaurice@mckay.info',4);
INSERT INTO "Reviews" VALUES (59,'2024-01-06','Very dissatisfied with Women''s Dress. Not as described.',1,'cookmaurice@mckay.info',80);
INSERT INTO "Reviews" VALUES (60,'2024-05-25','Men''s T-shirt is average. Neither great nor terrible.',3,'cookmaurice@mckay.info',43);
INSERT INTO "Reviews" VALUES (61,'2024-05-16','Excellent! Laptop exceeded expectations!',5,'simpsonedward@davis.net',22);
INSERT INTO "Reviews" VALUES (62,'2024-05-01','Women''s Dress is average. Neither great nor terrible.',3,'simpsonedward@davis.net',13);
INSERT INTO "Reviews" VALUES (63,'2024-04-22','Smartphone is average. Neither great nor terrible.',3,'novakwalter@gmail.com',40);
INSERT INTO "Reviews" VALUES (64,'2024-04-14','Pleased with Cooking 101. Would recommend.',4,'novakwalter@gmail.com',17);
INSERT INTO "Reviews" VALUES (65,'2024-03-23','Very dissatisfied with Cooking 101. Not as described.',1,'novakwalter@gmail.com',85);
INSERT INTO "Reviews" VALUES (66,'2024-09-05','Fresh Apples is average. Neither great nor terrible.',3,'novakwalter@gmail.com',26);
INSERT INTO "Reviews" VALUES (67,'2024-04-22','Below expectations for Blender. Could be better.',2,'novakwalter@gmail.com',94);
INSERT INTO "Reviews" VALUES (68,'2024-10-23','Pleased with Laptop. Would recommend.',4,'daviessamantha@hotmail.com',5);
INSERT INTO "Reviews" VALUES (69,'2024-08-16','Pleased with Smartphone. Would recommend.',4,'daviessamantha@hotmail.com',24);
INSERT INTO "Reviews" VALUES (70,'2024-03-17','Pleased with Coffee Table. Would recommend.',4,'daviessamantha@hotmail.com',45);
INSERT INTO "Reviews" VALUES (71,'2024-07-13','Pleased with Men''s T-shirt. Would recommend.',4,'daviessamantha@hotmail.com',70);
INSERT INTO "Reviews" VALUES (72,'2024-09-08','Below expectations for Women''s Dress. Could be better.',2,'daviessamantha@hotmail.com',36);
INSERT INTO "Reviews" VALUES (73,'2024-06-13','The Great Gatsby is average. Neither great nor terrible.',3,'andreagarza@smith.com',59);
INSERT INTO "Reviews" VALUES (74,'2024-08-14','Pleased with Fresh Apples. Would recommend.',4,'andreagarza@smith.com',44);
INSERT INTO "Reviews" VALUES (75,'2024-03-14','Men''s T-shirt is average. Neither great nor terrible.',3,'andreagarza@smith.com',70);
INSERT INTO "Reviews" VALUES (76,'2024-07-12','Excellent! Organic Honey exceeded expectations!',5,'andreagarza@smith.com',71);
INSERT INTO "Reviews" VALUES (77,'2024-07-13','Below expectations for Women''s Dress. Could be better.',2,'juliaolson@ford.com',68);
INSERT INTO "Reviews" VALUES (78,'2024-01-13','Pleased with Blender. Would recommend.',4,'juliaolson@ford.com',69);
INSERT INTO "Reviews" VALUES (79,'2024-05-04','Excellent! Men''s T-shirt exceeded expectations!',5,'juliaolson@ford.com',70);
INSERT INTO "Reviews" VALUES (80,'2024-08-19','Very dissatisfied with Laptop. Not as described.',1,'juliaolson@ford.com',89);
INSERT INTO "Reviews" VALUES (81,'2024-07-18','Very dissatisfied with Laptop. Not as described.',1,'juliaolson@ford.com',22);
INSERT INTO "Reviews" VALUES (82,'2024-07-14','Women''s Dress is average. Neither great nor terrible.',3,'juliaolson@ford.com',29);
INSERT INTO "Reviews" VALUES (83,'2024-09-02','Laptop is average. Neither great nor terrible.',3,'kendra66@yahoo.com',8);
INSERT INTO "Reviews" VALUES (84,'2024-09-28','Excellent! Cooking 101 exceeded expectations!',5,'kendra66@yahoo.com',32);
INSERT INTO "Reviews" VALUES (85,'2024-07-14','Very dissatisfied with Cooking 101. Not as described.',1,'kendra66@yahoo.com',10);
INSERT INTO "Reviews" VALUES (86,'2024-03-22','Very dissatisfied with Fresh Apples. Not as described.',1,'richard53@gmail.com',27);
INSERT INTO "Reviews" VALUES (87,'2024-05-08','Very dissatisfied with Women''s Dress. Not as described.',1,'richard53@gmail.com',36);
INSERT INTO "Reviews" VALUES (88,'2024-03-17','Pleased with Smartphone. Would recommend.',4,'richard53@gmail.com',99);
INSERT INTO "Reviews" VALUES (89,'2024-04-05','Blender is average. Neither great nor terrible.',3,'aprilalvarez@hotmail.com',49);
INSERT INTO "Reviews" VALUES (90,'2024-02-17','Below expectations for Smartphone. Could be better.',2,'aprilalvarez@hotmail.com',98);
INSERT INTO "Reviews" VALUES (91,'2024-03-31','Excellent! Women''s Dress exceeded expectations!',5,'aprilalvarez@hotmail.com',29);
INSERT INTO "Reviews" VALUES (92,'2024-02-09','Excellent! The Great Gatsby exceeded expectations!',5,'deborahdominguez@yahoo.com',46);
INSERT INTO "Reviews" VALUES (93,'2024-09-30','Below expectations for The Great Gatsby. Could be better.',2,'deborahdominguez@yahoo.com',56);
INSERT INTO "Reviews" VALUES (94,'2024-03-19','Below expectations for Coffee Table. Could be better.',2,'deborahdominguez@yahoo.com',63);
INSERT INTO "Reviews" VALUES (95,'2024-05-05','Below expectations for Women''s Dress. Could be better.',2,'deborahdominguez@yahoo.com',78);
INSERT INTO "Reviews" VALUES (96,'2024-03-28','Organic Honey is average. Neither great nor terrible.',3,'deborahdominguez@yahoo.com',6);
INSERT INTO "Reviews" VALUES (97,'2024-01-11','Excellent! Blender exceeded expectations!',5,'deborahdominguez@yahoo.com',14);
INSERT INTO "Reviews" VALUES (98,'2024-07-20','Very dissatisfied with Blender. Not as described.',1,'deborahdominguez@yahoo.com',83);
INSERT INTO "Reviews" VALUES (99,'2024-10-20','Blender is average. Neither great nor terrible.',3,'deborahdominguez@yahoo.com',83);
INSERT INTO "Reviews" VALUES (100,'2024-05-05','Pleased with The Great Gatsby. Would recommend.',4,'deborahdominguez@yahoo.com',59);
INSERT INTO "Reviews" VALUES (101,'2024-03-23','Below expectations for Laptop. Could be better.',2,'marshallcarly@hotmail.com',33);
INSERT INTO "Reviews" VALUES (102,'2024-02-04','Very dissatisfied with Cooking 101. Not as described.',1,'marshallcarly@hotmail.com',88);
INSERT INTO "Reviews" VALUES (103,'2024-01-01','Below expectations for The Great Gatsby. Could be better.',2,'marshallcarly@hotmail.com',46);
INSERT INTO "Reviews" VALUES (104,'2024-07-21','Pleased with Smartphone. Would recommend.',4,'marshallcarly@hotmail.com',99);
INSERT INTO "Reviews" VALUES (105,'2024-09-25','Pleased with Fresh Apples. Would recommend.',4,'marshallcarly@hotmail.com',27);
INSERT INTO "Reviews" VALUES (106,'2024-06-30','Excellent! Cooking 101 exceeded expectations!',5,'marshallcarly@hotmail.com',64);
INSERT INTO "Reviews" VALUES (107,'2024-07-26','Excellent! Men''s T-shirt exceeded expectations!',5,'marshallcarly@hotmail.com',43);
INSERT INTO "Reviews" VALUES (108,'2024-07-27','Excellent! The Great Gatsby exceeded expectations!',5,'alyssa17@gmail.com',82);
INSERT INTO "Reviews" VALUES (109,'2024-01-19','Below expectations for Fresh Apples. Could be better.',2,'alyssa17@gmail.com',26);
INSERT INTO "Reviews" VALUES (110,'2024-06-01','Organic Honey is average. Neither great nor terrible.',3,'hsmith@yahoo.com',3);
INSERT INTO "Reviews" VALUES (111,'2024-07-11','Pleased with The Great Gatsby. Would recommend.',4,'hsmith@yahoo.com',72);
INSERT INTO "Reviews" VALUES (112,'2024-08-10','Below expectations for Cooking 101. Could be better.',2,'hsmith@yahoo.com',85);
INSERT INTO "Reviews" VALUES (113,'2024-08-18','Below expectations for Blender. Could be better.',2,'hsmith@yahoo.com',34);
INSERT INTO "Reviews" VALUES (114,'2024-06-03','Below expectations for Blender. Could be better.',2,'hsmith@yahoo.com',92);
INSERT INTO "Reviews" VALUES (115,'2024-05-09','Pleased with Cooking 101. Would recommend.',4,'hsmith@yahoo.com',79);
INSERT INTO "Reviews" VALUES (116,'2024-03-07','Pleased with Cooking 101. Would recommend.',4,'sgillespie@yahoo.com',32);
INSERT INTO "Reviews" VALUES (117,'2024-05-31','Very dissatisfied with Fresh Apples. Not as described.',1,'sgillespie@yahoo.com',57);
INSERT INTO "Reviews" VALUES (118,'2024-02-09','Pleased with Men''s T-shirt. Would recommend.',4,'lindafuller@cohen.net',50);
INSERT INTO "Reviews" VALUES (119,'2024-09-19','Blender is average. Neither great nor terrible.',3,'lindafuller@cohen.net',34);
INSERT INTO "Reviews" VALUES (120,'2024-09-02','Very dissatisfied with Blender. Not as described.',1,'lindafuller@cohen.net',47);
INSERT INTO "Reviews" VALUES (121,'2024-02-21','Very dissatisfied with Cooking 101. Not as described.',1,'lindafuller@cohen.net',17);
INSERT INTO "Reviews" VALUES (122,'2024-01-31','Coffee Table is average. Neither great nor terrible.',3,'lindafuller@cohen.net',45);
INSERT INTO "Reviews" VALUES (123,'2024-08-17','Very dissatisfied with Cooking 101. Not as described.',1,'lindafuller@cohen.net',60);
INSERT INTO "Reviews" VALUES (124,'2024-06-26','Pleased with Organic Honey. Would recommend.',4,'lindafuller@cohen.net',3);
INSERT INTO "Reviews" VALUES (125,'2024-07-07','Coffee Table is average. Neither great nor terrible.',3,'lindafuller@cohen.net',58);
INSERT INTO "Reviews" VALUES (126,'2024-08-12','Very dissatisfied with Women''s Dress. Not as described.',1,'ramirezbryan@yahoo.com',73);
INSERT INTO "Reviews" VALUES (127,'2024-09-20','Pleased with Blender. Would recommend.',4,'ramirezbryan@yahoo.com',94);
INSERT INTO "Reviews" VALUES (128,'2024-09-16','Excellent! Smartphone exceeded expectations!',5,'ramirezbryan@yahoo.com',28);
INSERT INTO "Reviews" VALUES (129,'2024-06-18','Pleased with Blender. Would recommend.',4,'ramirezbryan@yahoo.com',69);
INSERT INTO "Reviews" VALUES (130,'2024-05-16','Pleased with The Great Gatsby. Would recommend.',4,'ramirezbryan@yahoo.com',87);
INSERT INTO "Reviews" VALUES (131,'2024-02-17','Below expectations for Cooking 101. Could be better.',2,'ramirezbryan@yahoo.com',88);
INSERT INTO "Reviews" VALUES (132,'2024-07-20','Laptop is average. Neither great nor terrible.',3,'ramirezbryan@yahoo.com',41);
INSERT INTO "basket_contains" VALUES (1,11,2);
INSERT INTO "basket_contains" VALUES (1,96,5);
INSERT INTO "basket_contains" VALUES (1,48,3);
INSERT INTO "basket_contains" VALUES (3,4,2);
INSERT INTO "basket_contains" VALUES (3,80,5);
INSERT INTO "basket_contains" VALUES (3,22,5);
INSERT INTO "basket_contains" VALUES (3,46,5);
INSERT INTO "basket_contains" VALUES (4,97,3);
INSERT INTO "basket_contains" VALUES (5,31,4);
INSERT INTO "basket_contains" VALUES (5,69,2);
INSERT INTO "basket_contains" VALUES (5,49,5);
INSERT INTO "basket_contains" VALUES (5,16,1);
INSERT INTO "basket_contains" VALUES (6,15,5);
INSERT INTO "basket_contains" VALUES (6,38,2);
INSERT INTO "basket_contains" VALUES (7,71,4);
INSERT INTO "basket_contains" VALUES (7,46,2);
INSERT INTO "basket_contains" VALUES (7,54,5);
INSERT INTO "basket_contains" VALUES (7,36,3);
INSERT INTO "basket_contains" VALUES (8,86,3);
INSERT INTO "basket_contains" VALUES (9,51,2);
INSERT INTO "basket_contains" VALUES (9,52,4);
INSERT INTO "basket_contains" VALUES (9,97,4);
INSERT INTO "basket_contains" VALUES (9,37,4);
INSERT INTO "basket_contains" VALUES (9,21,2);
INSERT INTO "basket_contains" VALUES (10,69,3);
INSERT INTO "basket_contains" VALUES (11,88,1);
INSERT INTO "basket_contains" VALUES (11,50,5);
INSERT INTO "basket_contains" VALUES (12,53,2);
INSERT INTO "basket_contains" VALUES (12,82,1);
INSERT INTO "basket_contains" VALUES (12,80,2);
INSERT INTO "basket_contains" VALUES (12,18,5);
INSERT INTO "basket_contains" VALUES (13,77,5);
INSERT INTO "basket_contains" VALUES (14,42,5);
INSERT INTO "basket_contains" VALUES (16,88,1);
INSERT INTO "basket_contains" VALUES (16,48,1);
INSERT INTO "basket_contains" VALUES (16,96,5);
INSERT INTO "basket_contains" VALUES (16,84,4);
INSERT INTO "basket_contains" VALUES (17,21,4);
INSERT INTO "basket_contains" VALUES (17,48,2);
INSERT INTO "basket_contains" VALUES (19,42,2);
INSERT INTO "basket_contains" VALUES (19,38,1);
INSERT INTO "basket_contains" VALUES (20,74,4);
INSERT INTO "basket_contains" VALUES (20,59,2);
INSERT INTO "basket_contains" VALUES (21,31,2);
INSERT INTO "basket_contains" VALUES (21,60,5);
INSERT INTO "basket_contains" VALUES (21,83,1);
INSERT INTO "basket_contains" VALUES (21,78,3);
INSERT INTO "basket_contains" VALUES (22,32,4);
INSERT INTO "basket_contains" VALUES (22,93,1);
INSERT INTO "basket_contains" VALUES (25,61,4);
INSERT INTO "basket_contains" VALUES (25,10,4);
INSERT INTO "basket_contains" VALUES (25,34,5);
INSERT INTO "basket_contains" VALUES (25,16,5);
INSERT INTO "basket_contains" VALUES (25,83,5);
INSERT INTO "basket_contains" VALUES (26,62,1);
INSERT INTO "basket_contains" VALUES (26,38,4);
INSERT INTO "basket_contains" VALUES (26,93,1);
INSERT INTO "basket_contains" VALUES (26,47,4);
INSERT INTO "basket_contains" VALUES (27,81,4);
INSERT INTO "basket_contains" VALUES (27,55,1);
INSERT INTO "basket_contains" VALUES (27,14,2);
INSERT INTO "basket_contains" VALUES (27,34,5);
INSERT INTO "basket_contains" VALUES (27,97,1);
INSERT INTO "basket_contains" VALUES (28,53,3);
INSERT INTO "basket_contains" VALUES (28,19,2);
INSERT INTO "basket_contains" VALUES (28,62,2);
INSERT INTO "basket_contains" VALUES (30,59,4);
INSERT INTO "basket_contains" VALUES (31,44,3);
INSERT INTO "basket_contains" VALUES (31,89,4);
INSERT INTO "basket_contains" VALUES (31,43,4);
INSERT INTO "basket_contains" VALUES (32,36,5);
INSERT INTO "basket_contains" VALUES (32,5,2);
INSERT INTO "basket_contains" VALUES (32,19,5);
INSERT INTO "basket_contains" VALUES (32,37,1);
INSERT INTO "basket_contains" VALUES (32,29,3);
INSERT INTO "basket_contains" VALUES (33,40,2);
INSERT INTO "basket_contains" VALUES (33,73,3);
INSERT INTO "basket_contains" VALUES (33,61,4);
INSERT INTO "basket_contains" VALUES (34,96,2);
INSERT INTO "basket_contains" VALUES (34,19,5);
INSERT INTO "basket_contains" VALUES (36,4,2);
INSERT INTO "basket_contains" VALUES (36,75,3);
INSERT INTO "basket_contains" VALUES (39,96,5);
INSERT INTO "basket_contains" VALUES (39,52,4);
INSERT INTO "basket_contains" VALUES (39,80,2);
INSERT INTO "basket_contains" VALUES (39,45,2);
INSERT INTO "basket_contains" VALUES (39,76,5);
INSERT INTO "basket_contains" VALUES (40,49,4);
INSERT INTO "basket_contains" VALUES (40,83,2);
INSERT INTO "basket_contains" VALUES (40,68,4);
INSERT INTO "basket_contains" VALUES (42,86,1);
INSERT INTO "basket_contains" VALUES (43,27,2);
INSERT INTO "basket_contains" VALUES (43,20,3);
INSERT INTO "basket_contains" VALUES (43,78,1);
INSERT INTO "basket_contains" VALUES (44,64,4);
INSERT INTO "basket_contains" VALUES (44,73,1);
INSERT INTO "basket_contains" VALUES (44,96,5);
INSERT INTO "basket_contains" VALUES (45,47,1);
INSERT INTO "basket_contains" VALUES (45,52,1);
INSERT INTO "basket_contains" VALUES (46,9,3);
INSERT INTO "basket_contains" VALUES (46,71,5);
INSERT INTO "basket_contains" VALUES (46,95,5);
INSERT INTO "basket_contains" VALUES (46,11,1);
INSERT INTO "basket_contains" VALUES (46,58,5);
INSERT INTO "basket_contains" VALUES (47,33,2);
INSERT INTO "basket_contains" VALUES (47,89,2);
INSERT INTO "basket_contains" VALUES (49,6,5);
INSERT INTO "basket_contains" VALUES (49,35,5);
INSERT INTO "order_contains" VALUES (1,30,1);
INSERT INTO "order_contains" VALUES (1,75,3);
INSERT INTO "order_contains" VALUES (2,15,2);
INSERT INTO "order_contains" VALUES (2,11,2);
INSERT INTO "order_contains" VALUES (2,26,1);
INSERT INTO "order_contains" VALUES (2,70,3);
INSERT INTO "order_contains" VALUES (3,76,3);
INSERT INTO "order_contains" VALUES (3,79,2);
INSERT INTO "order_contains" VALUES (4,81,1);
INSERT INTO "order_contains" VALUES (4,43,3);
INSERT INTO "order_contains" VALUES (4,62,3);
INSERT INTO "order_contains" VALUES (4,37,3);
INSERT INTO "order_contains" VALUES (5,87,3);
INSERT INTO "order_contains" VALUES (5,65,2);
INSERT INTO "order_contains" VALUES (5,81,2);
INSERT INTO "order_contains" VALUES (6,66,2);
INSERT INTO "order_contains" VALUES (6,64,1);
INSERT INTO "order_contains" VALUES (6,23,1);
INSERT INTO "order_contains" VALUES (7,44,3);
INSERT INTO "order_contains" VALUES (7,88,3);
INSERT INTO "order_contains" VALUES (7,24,1);
INSERT INTO "order_contains" VALUES (7,100,1);
INSERT INTO "order_contains" VALUES (8,61,1);
INSERT INTO "order_contains" VALUES (8,88,2);
INSERT INTO "order_contains" VALUES (8,79,1);
INSERT INTO "order_contains" VALUES (8,74,3);
INSERT INTO "order_contains" VALUES (8,20,2);
INSERT INTO "order_contains" VALUES (9,79,3);
INSERT INTO "order_contains" VALUES (9,21,2);
INSERT INTO "order_contains" VALUES (10,61,2);
INSERT INTO "order_contains" VALUES (10,48,1);
INSERT INTO "order_contains" VALUES (10,40,2);
INSERT INTO "order_contains" VALUES (11,73,2);
INSERT INTO "order_contains" VALUES (11,98,2);
INSERT INTO "order_contains" VALUES (11,1,2);
INSERT INTO "order_contains" VALUES (11,8,2);
INSERT INTO "order_contains" VALUES (12,3,3);
INSERT INTO "order_contains" VALUES (12,26,1);
INSERT INTO "order_contains" VALUES (12,85,3);
INSERT INTO "order_contains" VALUES (13,49,2);
INSERT INTO "order_contains" VALUES (13,72,3);
INSERT INTO "order_contains" VALUES (13,95,1);
INSERT INTO "order_contains" VALUES (13,28,3);
INSERT INTO "order_contains" VALUES (14,93,2);
INSERT INTO "order_contains" VALUES (14,61,1);
INSERT INTO "order_contains" VALUES (15,36,3);
INSERT INTO "order_contains" VALUES (15,76,2);
INSERT INTO "order_contains" VALUES (16,36,3);
INSERT INTO "order_contains" VALUES (16,48,2);
INSERT INTO "order_contains" VALUES (16,37,1);
INSERT INTO "order_contains" VALUES (17,39,3);
INSERT INTO "order_contains" VALUES (17,26,3);
INSERT INTO "order_contains" VALUES (17,12,2);
INSERT INTO "order_contains" VALUES (17,32,2);
INSERT INTO "order_contains" VALUES (17,74,3);
INSERT INTO "order_contains" VALUES (18,90,3);
INSERT INTO "order_contains" VALUES (19,24,2);
INSERT INTO "order_contains" VALUES (19,60,1);
INSERT INTO "order_contains" VALUES (20,33,3);
INSERT INTO "order_contains" VALUES (20,96,1);
INSERT INTO "order_contains" VALUES (20,18,1);
INSERT INTO "order_contains" VALUES (21,66,2);
INSERT INTO "order_contains" VALUES (22,65,2);
INSERT INTO "order_contains" VALUES (23,73,1);
INSERT INTO "order_contains" VALUES (24,12,3);
INSERT INTO "order_contains" VALUES (24,60,3);
INSERT INTO "order_contains" VALUES (24,84,1);
INSERT INTO "order_contains" VALUES (24,97,1);
INSERT INTO "order_contains" VALUES (24,99,3);
INSERT INTO "order_contains" VALUES (25,44,2);
INSERT INTO "order_contains" VALUES (25,68,3);
INSERT INTO "order_contains" VALUES (25,95,2);
INSERT INTO "order_contains" VALUES (25,3,2);
INSERT INTO "order_contains" VALUES (25,74,2);
INSERT INTO "order_contains" VALUES (26,42,2);
INSERT INTO "order_contains" VALUES (26,20,2);
INSERT INTO "order_contains" VALUES (27,99,3);
INSERT INTO "order_contains" VALUES (27,46,3);
INSERT INTO "order_contains" VALUES (28,13,1);
INSERT INTO "order_contains" VALUES (28,69,3);
INSERT INTO "order_contains" VALUES (29,41,1);
INSERT INTO "order_contains" VALUES (29,85,1);
INSERT INTO "order_contains" VALUES (29,26,2);
INSERT INTO "order_contains" VALUES (30,99,2);
INSERT INTO "order_contains" VALUES (30,4,1);
INSERT INTO "order_contains" VALUES (31,96,3);
INSERT INTO "order_contains" VALUES (31,27,2);
INSERT INTO "order_contains" VALUES (31,7,2);
INSERT INTO "order_contains" VALUES (31,57,2);
INSERT INTO "order_contains" VALUES (32,93,3);
INSERT INTO "order_contains" VALUES (32,16,1);
INSERT INTO "order_contains" VALUES (32,97,1);
INSERT INTO "order_contains" VALUES (32,95,3);
INSERT INTO "order_contains" VALUES (33,12,3);
INSERT INTO "order_contains" VALUES (33,47,2);
INSERT INTO "order_contains" VALUES (34,3,1);
INSERT INTO "order_contains" VALUES (34,49,2);
INSERT INTO "order_contains" VALUES (34,52,1);
INSERT INTO "order_contains" VALUES (34,46,2);
INSERT INTO "order_contains" VALUES (35,30,3);
INSERT INTO "order_contains" VALUES (35,11,3);
INSERT INTO "order_contains" VALUES (35,83,2);
INSERT INTO "order_contains" VALUES (36,6,1);
INSERT INTO "order_contains" VALUES (36,32,1);
INSERT INTO "order_contains" VALUES (36,73,1);
INSERT INTO "order_contains" VALUES (37,48,3);
INSERT INTO "order_contains" VALUES (37,54,1);
INSERT INTO "order_contains" VALUES (38,4,2);
INSERT INTO "order_contains" VALUES (38,27,2);
INSERT INTO "order_contains" VALUES (39,80,2);
INSERT INTO "order_contains" VALUES (39,4,1);
INSERT INTO "order_contains" VALUES (39,43,1);
INSERT INTO "order_contains" VALUES (40,98,3);
INSERT INTO "order_contains" VALUES (40,93,3);
INSERT INTO "order_contains" VALUES (40,22,1);
INSERT INTO "order_contains" VALUES (40,13,1);
INSERT INTO "order_contains" VALUES (41,82,1);
INSERT INTO "order_contains" VALUES (41,40,2);
INSERT INTO "order_contains" VALUES (41,61,2);
INSERT INTO "order_contains" VALUES (41,17,2);
INSERT INTO "order_contains" VALUES (41,85,3);
INSERT INTO "order_contains" VALUES (42,96,3);
INSERT INTO "order_contains" VALUES (42,26,1);
INSERT INTO "order_contains" VALUES (42,29,3);
INSERT INTO "order_contains" VALUES (42,17,1);
INSERT INTO "order_contains" VALUES (43,92,2);
INSERT INTO "order_contains" VALUES (44,33,1);
INSERT INTO "order_contains" VALUES (44,94,3);
INSERT INTO "order_contains" VALUES (45,85,1);
INSERT INTO "order_contains" VALUES (45,75,3);
INSERT INTO "order_contains" VALUES (45,5,3);
INSERT INTO "order_contains" VALUES (46,24,1);
INSERT INTO "order_contains" VALUES (46,19,3);
INSERT INTO "order_contains" VALUES (47,2,3);
INSERT INTO "order_contains" VALUES (47,62,2);
INSERT INTO "order_contains" VALUES (47,45,1);
INSERT INTO "order_contains" VALUES (48,70,2);
INSERT INTO "order_contains" VALUES (48,16,3);
INSERT INTO "order_contains" VALUES (48,36,3);
INSERT INTO "order_contains" VALUES (49,99,3);
INSERT INTO "order_contains" VALUES (49,59,3);
INSERT INTO "order_contains" VALUES (49,13,3);
INSERT INTO "order_contains" VALUES (49,44,3);
INSERT INTO "order_contains" VALUES (50,70,1);
INSERT INTO "order_contains" VALUES (51,71,3);
INSERT INTO "order_contains" VALUES (52,24,2);
INSERT INTO "order_contains" VALUES (52,66,1);
INSERT INTO "order_contains" VALUES (52,19,3);
INSERT INTO "order_contains" VALUES (52,29,1);
INSERT INTO "order_contains" VALUES (52,26,3);
INSERT INTO "order_contains" VALUES (53,68,1);
INSERT INTO "order_contains" VALUES (53,69,2);
INSERT INTO "order_contains" VALUES (53,70,1);
INSERT INTO "order_contains" VALUES (53,89,3);
INSERT INTO "order_contains" VALUES (53,22,2);
INSERT INTO "order_contains" VALUES (54,29,3);
INSERT INTO "order_contains" VALUES (54,20,3);
INSERT INTO "order_contains" VALUES (54,79,2);
INSERT INTO "order_contains" VALUES (54,26,2);
INSERT INTO "order_contains" VALUES (54,7,2);
INSERT INTO "order_contains" VALUES (55,1,1);
INSERT INTO "order_contains" VALUES (55,33,3);
INSERT INTO "order_contains" VALUES (55,72,3);
INSERT INTO "order_contains" VALUES (56,8,2);
INSERT INTO "order_contains" VALUES (57,98,1);
INSERT INTO "order_contains" VALUES (57,51,1);
INSERT INTO "order_contains" VALUES (58,32,2);
INSERT INTO "order_contains" VALUES (58,10,1);
INSERT INTO "order_contains" VALUES (59,87,1);
INSERT INTO "order_contains" VALUES (59,27,2);
INSERT INTO "order_contains" VALUES (59,19,3);
INSERT INTO "order_contains" VALUES (59,36,2);
INSERT INTO "order_contains" VALUES (59,2,3);
INSERT INTO "order_contains" VALUES (60,99,3);
INSERT INTO "order_contains" VALUES (61,70,3);
INSERT INTO "order_contains" VALUES (62,49,2);
INSERT INTO "order_contains" VALUES (63,22,3);
INSERT INTO "order_contains" VALUES (63,89,2);
INSERT INTO "order_contains" VALUES (63,98,2);
INSERT INTO "order_contains" VALUES (63,29,3);
INSERT INTO "order_contains" VALUES (63,14,1);
INSERT INTO "order_contains" VALUES (64,54,1);
INSERT INTO "order_contains" VALUES (64,82,1);
INSERT INTO "order_contains" VALUES (64,99,2);
INSERT INTO "order_contains" VALUES (64,93,3);
INSERT INTO "order_contains" VALUES (65,46,1);
INSERT INTO "order_contains" VALUES (65,2,1);
INSERT INTO "order_contains" VALUES (65,92,2);
INSERT INTO "order_contains" VALUES (66,100,3);
INSERT INTO "order_contains" VALUES (66,63,3);
INSERT INTO "order_contains" VALUES (66,78,3);
INSERT INTO "order_contains" VALUES (67,6,3);
INSERT INTO "order_contains" VALUES (67,14,3);
INSERT INTO "order_contains" VALUES (67,83,1);
INSERT INTO "order_contains" VALUES (67,74,1);
INSERT INTO "order_contains" VALUES (68,54,2);
INSERT INTO "order_contains" VALUES (68,92,3);
INSERT INTO "order_contains" VALUES (68,6,2);
INSERT INTO "order_contains" VALUES (68,83,2);
INSERT INTO "order_contains" VALUES (68,59,3);
INSERT INTO "order_contains" VALUES (69,28,3);
INSERT INTO "order_contains" VALUES (70,33,2);
INSERT INTO "order_contains" VALUES (70,88,2);
INSERT INTO "order_contains" VALUES (70,46,1);
INSERT INTO "order_contains" VALUES (70,36,2);
INSERT INTO "order_contains" VALUES (71,99,1);
INSERT INTO "order_contains" VALUES (71,27,3);
INSERT INTO "order_contains" VALUES (72,64,1);
INSERT INTO "order_contains" VALUES (72,43,2);
INSERT INTO "order_contains" VALUES (73,82,2);
INSERT INTO "order_contains" VALUES (74,97,2);
INSERT INTO "order_contains" VALUES (74,26,2);
INSERT INTO "order_contains" VALUES (75,22,2);
INSERT INTO "order_contains" VALUES (75,3,1);
INSERT INTO "order_contains" VALUES (76,90,3);
INSERT INTO "order_contains" VALUES (76,72,2);
INSERT INTO "order_contains" VALUES (76,97,3);
INSERT INTO "order_contains" VALUES (76,69,1);
INSERT INTO "order_contains" VALUES (76,51,3);
INSERT INTO "order_contains" VALUES (77,85,2);
INSERT INTO "order_contains" VALUES (77,34,1);
INSERT INTO "order_contains" VALUES (77,92,2);
INSERT INTO "order_contains" VALUES (77,69,2);
INSERT INTO "order_contains" VALUES (77,51,1);
INSERT INTO "order_contains" VALUES (78,79,3);
INSERT INTO "order_contains" VALUES (78,11,2);
INSERT INTO "order_contains" VALUES (78,29,2);
INSERT INTO "order_contains" VALUES (79,89,1);
INSERT INTO "order_contains" VALUES (79,32,1);
INSERT INTO "order_contains" VALUES (80,32,1);
INSERT INTO "order_contains" VALUES (80,79,2);
INSERT INTO "order_contains" VALUES (80,57,2);
INSERT INTO "order_contains" VALUES (81,75,2);
INSERT INTO "order_contains" VALUES (81,81,3);
INSERT INTO "order_contains" VALUES (81,50,3);
INSERT INTO "order_contains" VALUES (81,34,3);
INSERT INTO "order_contains" VALUES (81,47,2);
INSERT INTO "order_contains" VALUES (82,41,3);
INSERT INTO "order_contains" VALUES (82,46,1);
INSERT INTO "order_contains" VALUES (83,69,3);
INSERT INTO "order_contains" VALUES (83,17,1);
INSERT INTO "order_contains" VALUES (84,30,3);
INSERT INTO "order_contains" VALUES (84,45,3);
INSERT INTO "order_contains" VALUES (84,90,3);
INSERT INTO "order_contains" VALUES (84,71,1);
INSERT INTO "order_contains" VALUES (84,60,2);
INSERT INTO "order_contains" VALUES (85,9,1);
INSERT INTO "order_contains" VALUES (85,3,3);
INSERT INTO "order_contains" VALUES (85,58,3);
INSERT INTO "order_contains" VALUES (85,84,1);
INSERT INTO "order_contains" VALUES (86,73,2);
INSERT INTO "order_contains" VALUES (86,94,1);
INSERT INTO "order_contains" VALUES (86,92,3);
INSERT INTO "order_contains" VALUES (87,28,3);
INSERT INTO "order_contains" VALUES (87,58,2);
INSERT INTO "order_contains" VALUES (87,69,3);
INSERT INTO "order_contains" VALUES (87,87,2);
INSERT INTO "order_contains" VALUES (88,19,3);
INSERT INTO "order_contains" VALUES (88,88,3);
INSERT INTO "order_contains" VALUES (88,41,1);
INSERT INTO "order_contains" VALUES (88,79,1);
INSERT INTO "order_contains" VALUES (89,79,1);
CREATE VIEW OrderDetails AS
SELECT 
    O.Odate AS Order_Date,
    O.Cemail_id AS Customer_Email,
    P.Pshort_name AS Product_Name,
    OC.Oquantity AS Quantity,
    O.Oorder_number AS Order_Number,
    P.Pproduct_number AS Product_Number
FROM Orders O
JOIN order_contains OC ON O.Oorder_number = OC.Oorder_number
JOIN Products P ON OC.Pproduct_number = P.Pproduct_number;
CREATE TRIGGER check_product_stock
BEFORE INSERT ON order_contains
FOR EACH ROW
BEGIN
    -- Check if the requested quantity exceeds the available stock
    SELECT CASE 
        WHEN NEW.Oquantity > (SELECT Pstock_count 
                              FROM Products 
                              WHERE Pproduct_number = NEW.Pproduct_number)
        THEN RAISE(ABORT, 'Error: Insufficient stock for the product.')
    END;
END;
COMMIT;
