Pcard_number,Pcard_expiry_date,Pverification_code,Pname_on_card,Ppayment_method_id
5686202820389538,2025-07-28,746,Joel Allen,2
7516032483320247,2024-02-18,116,Julie Jones,5
2194960764845673,2024-06-05,95,Destiny Garcia,6
9486845339043286,2025-11-27,4667,Maureen Murphy,7
1955222653103996,2025-11-29,742,Nicholas Costa,10
3831547886071955,2025-04-09,513,Joan Gonzalez,12
6953476205048081,2025-07-06,40,Rhonda Travis,15
1194581394017983,2025-09-05,551,Michele Wolf,16
2903096015590086,2024-02-29,569,Emma Lopez,18
8714750133057747,2025-08-03,724,Joshua Chavez,19
1022911312634669,2024-03-28,38,Mason Hurley,20
8917425601100152,2025-06-29,740,Roger Welch,21
9939838463773812,2024-05-11,548,Jill Wagner,22
2166793708751356,2024-03-13,671,Corey Foster,28
9541357031636276,2024-08-22,805,Catherine Terrell,29
2994516752027088,2024-12-04,802,Matthew Lee,30
4403106200123004,2024-10-12,931,Jennifer Dougherty,31
7589851014726253,2025-07-06,87,Jill Herrera,32
1781712872178797,2025-08-07,186,Michael Clark,33
1245651423163025,2024-04-06,870,Tyler Norman,35
9790034602228245,2024-03-03,868,Robert Turner,37
5407210112057762,2024-03-18,127,Corey Garcia,40
2067256828962592,2024-04-05,333,Ryan Dawson,42
6539849441950225,2024-06-19,700,Justin Russell,43
7467960106472861,2024-06-17,703,Mary Vasquez,45
5920361586323463,2025-08-16,517,Austin Anderson,49
8590924232883133,2024-11-17,835,Kathy Watson,50
9963522949023915,2025-08-21,427,Peter Koch,51
3945718372714764,2024-02-28,424,Eric Wong,52
7322321090551347,2024-07-09,298,Jennifer Moore,53
3360976652404359,2025-09-01,836,Courtney Smith,54
3460872198546652,2025-11-22,815,Tanya Cervantes,55
7828644582665455,2025-09-26,276,James Hansen,57
6788345008570802,2025-11-16,146,Michael Martin,59
7573420425910352,2025-04-14,564,Craig Coleman,62
9483380515271943,2024-03-16,256,Travis Huffman,63
7160014223643557,2025-06-02,462,Lisa Hopkins,64
5656536752732618,2025-01-13,706,Alexander Johnson,66
6342383336147724,2025-11-14,72,Brian Hendricks,68
787777343790147,2025-12-04,761,George Kelly,72
5562583653491134,2025-10-11,170,Jeffrey Garza,74
100349238890865,2025-01-13,8029,Randy Wu,78
7832982619709223,2025-03-16,232,John Gomez,79
6114354872080553,2024-11-11,520,Roger Brown,80
4546389073236487,2024-12-28,702,Edward Carter,82
7568074890461711,2024-06-30,261,Richard Pineda,84
1709522122281450,2024-09-30,442,Sean Petersen,86
6949287013529629,2025-12-19,836,Alexander Mcdonald,87
2171228627512538,2025-01-26,586,Claire Miller,88
4139483653465057,2025-04-26,226,Cory Welch,89
7892543688186327,2025-04-16,762,Sharon Johnson,90
7787892684413929,2025-11-06,565,Bradley Hill,92
7059070380035109,2025-02-12,8567,Steven Lewis,93
1842280032589114,2024-04-28,154,Melissa Soto,96
2862834636891510,2025-08-17,356,Katelyn Craig,97
8963709207730617,2024-09-17,254,Marc Nguyen,100
9760375155918834,2025-12-26,744,Denise Smith,101
2118176855709574,2025-01-07,671,Richard Young,103
429874696996450,2025-11-11,625,Tammy Chavez,104
5348076531058096,2024-09-07,873,Heather Davis,115
9755641716740278,2025-12-14,480,Linda Thompson,117
7332060477465113,2024-04-19,202,Jennifer Taylor,119
6185610558534237,2025-04-12,157,Kristin Baker,122
8592454929342278,2025-04-20,147,Emily Daugherty,123
897632267975059,2025-01-27,999,Benjamin Dudley,130
9504809573241490,2025-12-24,987,Gerald Gray,131
6237354346797950,2025-02-28,636,Martin Reed,132
5304124909393913,2025-08-12,152,Zachary Mcclain,135
6797180332826257,2025-05-14,928,Doris Reyes,138
9814071018990848,2024-10-06,172,Monica Williams,139
